time,Ckappa_U0.08,C3-_U0.08,C3+_U0.08,Ckappa_U0.32,C3-_U0.32,C3+_U0.32,Ckappa_U1.28,C3-_U1.28,C3+_U1.28
0.000000000000000000e+00,1.000000000000000000e+00,1.000000000000000000e+00,1.000000000000000000e+00,1.000000000000000000e+00,1.000000000000000000e+00,1.000000000000000000e+00,1.000000000000000000e+00,1.000000000000000000e+00,1.000000000000000000e+00
1.000000000000000056e-01,9.998606116058729176e-01,1.000012068836277024e+00,9.998646101087513838e-01,9.999748756624702306e-01,9.997069262152830094e-01,9.997233769788780311e-01,9.991849858908387061e-01,9.957043685233496477e-01,9.955751411664595096e-01
2.000000000000000111e-01,9.998471287496554227e-01,9.999630042182494627e-01,9.998159377934151548e-01,9.997550218926405385e-01,9.989174539539376063e-01,9.989319397166014358e-01,9.970603012176711966e-01,9.831198734699349018e-01,9.829690638775140377e-01
2.999999999999999889e-01,9.998243594538168688e-01,9.998821867548300935e-01,9.997354261008654097e-01,9.993928484961485115e-01,9.976174660012497863e-01,9.976320410541861250e-01,9.936017215831046689e-01,9.626408458127746481e-01,9.624728752157242218e-01
4.000000000000000222e-01,9.997927534762932611e-01,9.997711554248629451e-01,9.996246737258727144e-01,9.988958728480731297e-01,9.958329111767763031e-01,9.958505043276489888e-01,9.889289750711443006e-01,9.349686065487440301e-01,9.348053526400277313e-01
5.000000000000000000e-01,9.997529231602688693e-01,9.996318854930754672e-01,9.994858354457165639e-01,9.982741540391771862e-01,9.935974250863941482e-01,9.936232940765425958e-01,9.831989894806058006e-01,9.010055432150828603e-01,9.009098985583503527e-01
5.999999999999999778e-01,9.997056183695667286e-01,9.994666478125447950e-01,9.993215379618722860e-01,9.975398633702073914e-01,9.909499231911292894e-01,9.909940718097937085e-01,9.765963904628148784e-01,8.617869901710195624e-01,8.618983310292240851e-01
6.999999999999999556e-01,9.996516965764475904e-01,9.992778532766525279e-01,9.991347798772116651e-01,9.967067809731657846e-01,9.879319204460597081e-01,9.880124907899490161e-01,9.693227935919299654e-01,8.184080659061397922e-01,8.189872843749169684e-01
8.000000000000000444e-01,9.995920898242394159e-01,9.990678966002002337e-01,9.989288212822666768e-01,9.957897491608864726e-01,9.845848270070297614e-01,9.847323259143502261e-01,9.615857793329587455e-01,7.719533851767511612e-01,7.734324092762449032e-01
9.000000000000000222e-01,9.995277704078190384e-01,9.988390132274009847e-01,9.987070688110605277e-01,9.948041144176127393e-01,9.809474640880305740e-01,9.812095404942114962e-01,9.535884148415527672e-01,7.234366973047526850e-01,7.264654547211599755e-01
1.000000000000000000e+00,9.994597171078346554e-01,9.985931613960238318e-01,9.984729620214588541e-01,9.937651888707451642e-01,9.770540134793170850e-01,9.775003904411364575e-01,9.455200760003875660e-01,6.737557569835670446e-01,6.792387105129300551e-01
1.100000000000000089e+00,9.993888836849952328e-01,9.983319384545931152e-01,9.982298665720207298e-01,9.926877588342759573e-01,9.729325624488687208e-01,9.736596584695530465e-01,9.375491445192098983e-01,6.236654095102387441e-01,6.327802836739231385e-01
1.199999999999999956e+00,9.993161711033362593e-01,9.980565367782604502e-01,9.979809789510906137e-01,9.915856629767578756e-01,9.686043389895253597e-01,9.697390973306385664e-01,9.298179328769214935e-01,5.737693377857862043e-01,5.879624118146175027e-01
1.300000000000000044e+00,9.992424046282550876e-01,9.977677404842907327e-01,9.977292465321957460e-01,9.904714563653771453e-01,9.640836584043129820e-01,9.657861431339158642e-01,9.224399524581357035e-01,5.245285502992640403e-01,5.454836403596793337e-01
1.399999999999999911e+00,9.991683165642862852e-01,9.974659600655751968e-01,9.974773055681303013e-01,9.893561696740673650e-01,9.593785293853600571e-01,9.618429390845320004e-01,9.154994151858486529e-01,4.762828113751437775e-01,5.058643679815733041e-01
1.500000000000000000e+00,9.990945349901575456e-01,9.971512984732440188e-01,9.972274384889495691e-01,9.882491658334581208e-01,9.544918039709404667e-01,9.579456881813638303e-01,9.090526701522178010e-01,4.292800508672523496e-01,4.694541356004954813e-01
1.600000000000000089e+00,9.990215784465537041e-01,9.968236394494932595e-01,9.969815506320534038e-01,9.871580899141012555e-01,9.494227076722191461e-01,9.541243322605026389e-01,9.031311414682215988e-01,3.837084366858410367e-01,4.364482031109613303e-01
1.699999999999999956e+00,9.989498561650356212e-01,9.964827472920708695e-01,9.967411653939612926e-01,9.860889025464681934e-01,9.441685582098041651e-01,9.504025357283917286e-01,8.977452608470990469e-01,3.397262153850376665e-01,4.069104832057604537e-01
1.800000000000000044e+00,9.988796731203972712e-01,9.961283668417949544e-01,9.965074358274457200e-01,9.850459830333008204e-01,9.387264757482611799e-01,9.467979366152030618e-01,8.928888788112966379e-01,2.974854756278124679e-01,3.807997932673948260e-01
1.900000000000001021e+00,9.988112389626789822e-01,9.957603133012716823e-01,9.962811699691945799e-01,9.840322856909554661e-01,9.330949036766563731e-01,9.433226160277019545e-01,8.885436846746429529e-01,2.571474402420000360e-01,3.579966093606663513e-01
2.000000000000000000e+00,9.987446797505606932e-01,9.953785433612474254e-01,9.960628667041191431e-01,9.830495318993295317e-01,9.272747938058268913e-01,9.399837301191564798e-01,8.846832545110584478e-01,2.188884837247370430e-01,3.383279903624186735e-01
2.100000000000000977e+00,9.986800513680254010e-01,9.949832017656693450e-01,9.958527587613352772e-01,9.820984207352364548e-01,9.212703583000076968e-01,9.367842463423420307e-01,8.812764615863515338e-01,1.828975525998727814e-01,3.215889921106267479e-01
2.200000000000001066e+00,9.986173535555356029e-01,9.945746405486012298e-01,9.956508594800741463e-01,9.811788426855829748e-01,9.150893463977394227e-01,9.337237276613917780e-01,8.782901076807800855e-01,1.493668334338937032e-01,3.075596100455474380e-01
2.300000000000001155e+00,9.985565436124446137e-01,9.941534113551296903e-01,9.954570102485265082e-01,9.802900834770311711e-01,9.087428601919186333e-01,9.307991139180151752e-01,8.756907502912636421e-01,1.184782390106315642e-01,2.960169789723954281e-01
2.400000000000000799e+00,9.984975490099632367e-01,9.937202341562365593e-01,9.952709259581397072e-01,9.794310081687149783e-01,9.022447739772032627e-01,9.280054578102975293e-01,8.734457971057060233e-01,9.038852306643202494e-02,2.867431424874717361e-01
2.500000000000000888e+00,9.984402783709458440e-01,9.932759479794662782e-01,9.950922363745240418e-01,9.786002189816886965e-01,8.956108605878932982e-01,9.253365829629318640e-01,8.715240070996466137e-01,6.521562391903741596e-02,2.795291295302765322e-01
2.600000000000000977e+00,9.983846305000265708e-01,9.928214507841657266e-01,9.949205219456750404e-01,9.777961835624936482e-01,8.888577520771622220e-01,9.227856423401181729e-01,8.698955737263471821e-01,4.302827617760141693e-02,2.741763171236686891e-01
2.700000000000001066e+00,9.983305013626528890e-01,9.923576361993144967e-01,9.947553431928671808e-01,9.770173332360335694e-01,8.820018693841084056e-01,9.203455658393334682e-01,8.685319711779728724e-01,2.384015487144679549e-02,2.704961198452868198e-01
2.800000000000001155e+00,9.982777890955807365e-01,9.918853345144773570e-01,9.945962634109289935e-01,9.762621331084621046e-01,8.750584467424842305e-01,9.180093955097048397e-01,8.674057245765400825e-01,7.608976527053949029e-03,2.683089542174506570e-01
2.900000000000000799e+00,9.982263972710512245e-01,9.914052641774213637e-01,9.944428649043350887e-01,9.755291275305898457e-01,8.680407538442490578e-01,9.157705148605945755e-01,8.664902267442844419e-01,-5.759787694024251850e-03,2.674432224292526139e-01
3.000000000000000888e+00,9.981762367254618518e-01,9.909179982998602698e-01,9.942947593781061855e-01,9.748169654040356180e-01,8.609595860047176696e-01,9.136227847830927784e-01,8.657596766039900027e-01,-1.640552750862478079e-02,2.677347950196553583e-01
3.100000000000000977e+00,9.981272263007898715e-01,9.904239485578446578e-01,9.941515933746419842e-01,9.741244101541575162e-01,8.538230545180655051e-01,9.115606025433768966e-01,8.651891657951571446e-01,-2.450274027242595534e-02,2.690271966516772917e-01
3.200000000000001954e+00,9.980792928390518348e-01,9.899233666717696112e-01,9.940130497984021041e-01,9.734503390082653862e-01,8.466366710418596897e-01,9.095789021728439838e-01,8.647548979848144191e-01,-3.025032432592158690e-02,2.711724561379758591e-01
3.300000000000002043e+00,9.980323707269479483e-01,9.894163616276641093e-01,9.938788466090492379e-01,9.727937356418869808e-01,8.394036858381660471e-01,9.076731145972861681e-01,8.644344947349953401e-01,-3.386122278442615235e-02,2.740324026240917310e-01
3.400000000000002132e+00,9.979864012224241021e-01,9.889029291786456399e-01,9.937487337071867488e-01,9.721536794411792526e-01,8.321256137458840074e-01,9.058391043617186611e-01,8.642073253152999790e-01,-3.555344060694153735e-02,2.774800908033180358e-01
3.500000000000002220e+00,9.979413317203932321e-01,9.883829890992014144e-01,9.936224889073784761e-01,9.715293337223218639e-01,8.248028662827189272e-01,9.040730972364789952e-01,8.640547956975571653e-01,-3.554307844273731781e-02,2.814010208599608265e-01
3.600000000000001865e+00,9.978971150435579363e-01,9.878564252310031435e-01,9.934999137153160964e-01,9.709199343748911026e-01,8.174354041963770579e-01,9.023716097725185126e-01,8.639605421904454907e-01,-3.403962328496697165e-02,2.856938722326218261e-01
3.700000000000001954e+00,9.978537087853337484e-01,9.873231235500552483e-01,9.933808294241549541e-01,9.703247796508810419e-01,8.100233315346998531e-01,9.007313884251523239e-01,8.639104942689529443e-01,-3.124337360356047033e-02,2.902705736129419511e-01
3.800000000000002043e+00,9.978110746911962314e-01,9.867830042190127715e-01,9.932650738417030389e-01,9.697432212629026882e-01,8.025673680209651772e-01,8.991493625440789561e-01,8.638927947921988260e-01,-2.734460308773452655e-02,2.950556592945190459e-01
3.900000000000002132e+00,9.977691780442985436e-01,9.862360447246962813e-01,9.931524987741007227e-01,9.691746566065979618e-01,7.950691583919826666e-01,8.976226126117891058e-01,8.638975895313883990e-01,-2.252390806077445018e-02,2.999849881915762628e-01
4.000000000000001776e+00,9.977279870195381317e-01,9.856822925628471177e-01,9.930429682372904354e-01,9.686185217735429065e-01,7.875314020596332343e-01,8.961483527902595059e-01,8.639167178214876008e-01,-1.695314235590229465e-02,3.050040044276239315e-01
4.100000000000001421e+00,9.976874719833969118e-01,9.851218673327718500e-01,9.929363572542719840e-01,9.680742850373160735e-01,7.799578106222851970e-01,8.947239252041317981e-01,8.639433493069929026e-01,-1.079640426175913250e-02,3.100657819520780123e-01
4.200000000000001066e+00,9.976476047392470736e-01,9.845549533702218081e-01,9.928325510283838584e-01,9.675414406263456168e-01,7.723529213985759201e-01,8.933468024611174174e-01,8.639716166195895442e-01,-4.210674162582107687e-03,3.151291131183013849e-01
4.300000000000000711e+00,9.976083577434338157e-01,9.839817850377290398e-01,9.927314442603842881e-01,9.670195027858302650e-01,7.647218100307834332e-01,8.920145946315615193e-01,8.639962903045333986e-01,2.654126434010783617e-03,3.201568739684933496e-01
4.400000000000000355e+00,9.975697033407886494e-01,9.834026274159619607e-01,9.926329403954273767e-01,9.665080003225255956e-01,7.570697530077591386e-01,8.907250571710642051e-01,8.640125316597278005e-01,9.655708351750766361e-03,3.251148358215542045e-01
4.500000000000000000e+00,9.975316130850142571e-01,9.828177553601673555e-01,9.925369506375282258e-01,9.660064719749220652e-01,7.494018914159814582e-01,8.894760969311726884e-01,8.640157436852284878e-01,1.666052456860958250e-02,3.299710074259443737e-01
4.599999999999999645e+00,9.974940572168990993e-01,9.822274337191835292e-01,9.924433926431563968e-01,9.655144630254813842e-01,7.417229410366613651e-01,8.882657743070140333e-01,8.640015229959653320e-01,2.354521527862220992e-02,3.346955004943934497e-01
4.699999999999999289e+00,9.974570043705486277e-01,9.816319010237835041e-01,9.923521888906225996e-01,9.650315235557964666e-01,7.340369825481206645e-01,8.870923005633282177e-01,8.639656993501532156e-01,3.019813590387022614e-02,3.392608293995405533e-01
4.799999999999998934e+00,9.974204215650914751e-01,9.810313582330597582e-01,9.922632648053276716e-01,9.645572086410516555e-01,7.263473510684738121e-01,8.859540303250685866e-01,8.639044369823005720e-01,3.652071727998879025e-02,3.436424956789217444e-01
4.899999999999998579e+00,9.973842745182475156e-01,9.804259632969054561e-01,9.921765467916613401e-01,9.640910806027567226e-01,7.186566287993589874e-01,8.848494500080000824e-01,8.638143649473088992e-01,4.242845214613985561e-02,3.478196775342504710e-01
4.999999999999998224e+00,9.973485282909563265e-01,9.798158314660052604e-01,9.920919603705963263e-01,9.636327132154771657e-01,7.109667302278108725e-01,8.837771635269856541e-01,8.636927028394156824e-01,4.785137582646007554e-02,3.517758459550223149e-01
5.099999999999997868e+00,9.973131482416393023e-01,9.792010405611946133e-01,9.920094286416378804e-01,9.631816975275616644e-01,7.032790579682267618e-01,8.827358769221389512e-01,8.635373530976802048e-01,5.273399488837966081e-02,3.554991593553251117e-01
5.199999999999998401e+00,9.972781012373802545e-01,9.785816398796255422e-01,9.919288712759972704e-01,9.627376487426081431e-01,6.955947000782179979e-01,8.817243835888224357e-01,8.633469402746989374e-01,5.703469966009444558e-02,3.589825402615132721e-01
5.299999999999997158e+00,9.972433570402157166e-01,9.779576611110847306e-01,9.918502042061573265e-01,9.623002134488716219e-01,6.879146370936900512e-01,8.807415516197381056e-01,8.631207891614350869e-01,6.072476195915419567e-02,3.622234004552848941e-01
5.399999999999996803e+00,9.972088897623612169e-01,9.773291295742825291e-01,9.917733401106250124e-01,9.618690764018542616e-01,6.802399289582787834e-01,8.797863144193658336e-01,8.628588453712966455e-01,6.378706005236169096e-02,3.652230439909422977e-01
5.499999999999995559e+00,9.971746792671547510e-01,9.766960742374527493e-01,9.916981897103107624e-01,9.614439660740936588e-01,6.725718577368368090e-01,8.788576652961875846e-01,8.625615519268143849e-01,6.621468580336381526e-02,3.679858305100103255e-01
5.599999999999996092e+00,9.971407123849007625e-01,9.760585353118114149e-01,9.916246638049405204e-01,9.610246582871532217e-01,6.649120103317885944e-01,8.779546562404418886e-01,8.622297020934805989e-01,6.800957616192551680e-02,3.705182165407328587e-01
5.699999999999995737e+00,9.971069838164112742e-01,9.754165686354615561e-01,9.915526758955636177e-01,9.606109774235852550e-01,6.572622949593047714e-01,8.770764006113361821e-01,8.618642913742713407e-01,6.918127846582350360e-02,3.728278057112895394e-01
5.799999999999995381e+00,9.970734966128378396e-01,9.747702465292834573e-01,9.914821451725694956e-01,9.602027949606101176e-01,6.496248944648869150e-01,8.762220790328996145e-01,8.614663901487754627e-01,6.974591466220182723e-02,3.749225296041543420e-01
5.899999999999995026e+00,9.970402621484929506e-01,9.741196552400641639e-01,9.914129996055351945e-01,9.598000253443494945e-01,6.420021674211494611e-01,8.753909474643334354e-01,8.610370535070276388e-01,6.972536238569329581e-02,3.768100525661882694e-01
5.999999999999994671e+00,9.970072995424035245e-01,9.734648894388412410e-01,9.913451788562807065e-01,9.594026195013548586e-01,6.343965134476369228e-01,8.745823461883447392e-01,8.605772774892550547e-01,6.914662889453725148e-02,3.784974522723479895e-01
6.099999999999994316e+00,9.969746345317472835e-01,9.728060444822201891e-01,9.912786367503000351e-01,9.590105565305870883e-01,6.268102218475780640e-01,8.737957083592009511e-01,8.600880025874165780e-01,6.804136322218116983e-02,3.799911810133578260e-01
6.199999999999993960e+00,9.969422978519875134e-01,9.721432072614767383e-01,9.912133430813605539e-01,9.586238343050723643e-01,6.192453224489414820e-01,8.730305667719965301e-01,8.595701574318771465e-01,6.644543596809604491e-02,3.812972686211736906e-01
6.299999999999993605e+00,9.969103232291446348e-01,9.714764464678538047e-01,9.911492845834610765e-01,9.582424598167247343e-01,6.117034548575143171e-01,8.722865576500684615e-01,8.590247293375448123e-01,6.439851553933040318e-02,3.824216936701625436e-01
6.399999999999993250e+00,9.968787451334680805e-01,9.708058030181520026e-01,9.910864649755899425e-01,9.578664401084426849e-01,6.041857678807054377e-01,8.715634204860772671e-01,8.584528447140894469e-01,6.194358244097934035e-02,3.833708299402561193e-01
6.499999999999992895e+00,9.968475964748898521e-01,9.701312812464357727e-01,9.910249040592256087e-01,9.574957745542357346e-01,5.966928555428253622e-01,8.708609932949010757e-01,8.578558416694299638e-01,5.912634554804568898e-02,3.841518721288434968e-01
6.599999999999993427e+00,9.968169064343233021e-01,9.694528413121331623e-01,9.909646359182988640e-01,9.571304490817338362e-01,5.892247307955650326e-01,8.701792030171767722e-01,8.572353193581072617e-01,5.599455120918455514e-02,3.847731575470212939e-01
6.699999999999992184e+00,9.967866986178915978e-01,9.687703931341381525e-01,9.909057063303043922e-01,9.567704327030148725e-01,5.817808335318976898e-01,8.695180512191915678e-01,8.565931531956872957e-01,5.259720235419171330e-02,3.852443255977383574e-01
6.799999999999991829e+00,9.967569896929783235e-01,9.680837920575671163e-01,9.908481695413881019e-01,9.564156764573211733e-01,5.743600664185555260e-01,8.688775956319011451e-01,8.559314710987268038e-01,4.898372595329305440e-02,3.855762890448989344e-01
6.899999999999990585e+00,9.967277886176640900e-01,9.673928364050846662e-01,9.907920845865060278e-01,9.560661146045280612e-01,5.669608506634735701e-01,8.682579284224009042e-01,8.552525923812324127e-01,4.520313997367653852e-02,3.857810245767052115e-01
6.999999999999991118e+00,9.966990965134849834e-01,9.666972670554345726e-01,9.907375113490898277e-01,9.557216676718434112e-01,5.595811941130668377e-01,8.676591523620071911e-01,8.545589368251640394e-01,4.130327390177953445e-02,3.858712194129915174e-01
7.099999999999990763e+00,9.966709071627329886e-01,9.659967692131566919e-01,9.906845065558436136e-01,9.553822467743029456e-01,5.522187657314184817e-01,8.670813562205222924e-01,8.538529158974083044e-01,3.733009029936332213e-02,3.858598313818405456e-01
7.199999999999990408e+00,9.966432080441758323e-01,9.652909765623783889e-01,9.906331198947964101e-01,9.550477585204834030e-01,5.448709730390414174e-01,8.665245907619522070e-01,8.531368205386845593e-01,3.332714072274886585e-02,3.857596294532871228e-01
7.299999999999990052e+00,9.966159817638360341e-01,9.645794780066851981e-01,9.905833904318426253e-01,9.547181097872586841e-01,5.375350418590093549e-01,8.659888466415732733e-01,8.524127201603721726e-01,2.933517079796901794e-02,3.855827796283216036e-01
7.399999999999989697e+00,9.965892076979382397e-01,9.638618271609382671e-01,9.905353434852053329e-01,9.543932117003809390e-01,5.302081001070344524e-01,8.654740353203429493e-01,8.516823855436556068e-01,2.539186995635865640e-02,3.853405286889266534e-01
7.499999999999989342e+00,9.965628636486524305e-01,9.631375546608568206e-01,9.904889880994982576e-01,9.540729822811901961e-01,5.228872688476625674e-01,8.649799738442699448e-01,8.509472446241039822e-01,2.153174475769462429e-02,3.850430184717023030e-01
7.599999999999988987e+00,9.965369273220257007e-01,9.624061831849570758e-01,9.904443152411901430e-01,9.537573473968539162e-01,5.155697640877986432e-01,8.645063740166449850e-01,8.502083752699926000e-01,1.778608353720995822e-02,3.846992398241026456e-01
7.699999999999988631e+00,9.965113774700684601e-01,9.616672448479388624e-01,9.904012968136247652e-01,9.534462398608729572e-01,5.082530116958088318e-01,8.640528361575797733e-01,8.494665338678915045e-01,1.418297578426952824e-02,3.843171123205487150e-01
7.799999999999988276e+00,9.964861945906855478e-01,9.609203003462798431e-01,9.903598855605586504e-01,9.531395967488113241e-01,5.009347755700334082e-01,8.636188473355973505e-01,8.487222135967664727e-01,1.074735230245914622e-02,3.839036568899678592e-01
7.899999999999987921e+00,9.964613611425108264e-01,9.601649589489500425e-01,9.903200158907469186e-01,9.528373551986945023e-01,4.936132960985999962e-01,8.632037837026810267e-01,8.479757224203742227e-01,7.501020639632437897e-03,3.834652165702927551e-01
7.999999999999987566e+00,9.964368612977585471e-01,9.594008981702540906e-01,9.902816056117991206e-01,9.525394471362230719e-01,4.862874325650081708e-01,8.628069163909120043e-01,8.472272686112153339e-01,4.462682357679427676e-03,3.830076771926427814e-01
8.099999999999987210e+00,9.964126803159017998e-01,9.586278817800062413e-01,9.902445585102241932e-01,9.522457934861336959e-01,4.789568000361349998e-01,8.624274203468649258e-01,8.464770413420006356e-01,1.647931752177200348e-03,3.825366449502758948e-01
8.199999999999986855e+00,9.963888036663808290e-01,9.578457747356604601e-01,9.902087676591941889e-01,9.519562984923152227e-01,4.716218889699951844e-01,8.620643854869070033e-01,8.457252755410391565e-01,-9.307530584824825126e-04,3.820575501222729375e-01
8.299999999999986500e+00,9.963652160542249003e-01,9.570545536865519010e-01,9.901741192803255043e-01,9.516708447662578507e-01,4.642841547426574955e-01,8.617168296358105328e-01,8.449722934878024505e-01,-3.264008367798677899e-03,3.815756631371643448e-01
8.399999999999986144e+00,9.963419005060206723e-01,9.562543119109369050e-01,9.901404969364914210e-01,9.513892896180183856e-01,4.569460647948048182e-01,8.613837128348288408e-01,8.442185199322719269e-01,-5.345551957342317868e-03,3.810960274348924037e-01
8.499999999999985789e+00,9.963188376560641046e-01,9.554452578923031680e-01,9.901077857953246575e-01,9.511114631037796974e-01,4.496110932168539964e-01,8.610639527380523628e-01,8.434644720899715509e-01,-7.172101729919035107e-03,3.806233298856133151e-01
8.599999999999985434e+00,9.962960053376737068e-01,9.546277071954393234e-01,9.900758766832723490e-01,9.508371680623105560e-01,4.422836561992681270e-01,8.607564409207458800e-01,8.427107298913646405e-01,-8.743236225007468970e-03,3.801617410260969554e-01
8.699999999999985079e+00,9.962733785385629037e-01,9.538020678234830907e-01,9.900446696521175705e-01,9.505661822258757443e-01,4.349689865533120647e-01,8.604600599691442087e-01,8.419578946646627537e-01,-1.006119751484323144e-02,3.797147622460618210e-01
8.799999999999984723e+00,9.962509297290211840e-01,9.529688197742401945e-01,9.900140768058894869e-01,9.502982622985305383e-01,4.276729509843049115e-01,8.601737011883737738e-01,8.412065455704875738e-01,-1.113064739857307951e-02,3.792851147434410097e-01
8.899999999999984368e+00,9.962286295244735523e-01,9.521284900139981300e-01,9.899840241856574519e-01,9.500331497153964300e-01,4.204018193981359230e-01,8.598962826512668300e-01,8.404572024818924847e-01,-1.195839619225636148e-02,3.788746963333435858e-01
8.999999999999984013e+00,9.962064476056496920e-01,9.512816244997123194e-01,9.899544525799138794e-01,9.497705776480179773e-01,4.131620006236409459e-01,8.596267671322507242e-01,8.397103018506022476e-01,-1.255312796787025342e-02,3.784846189195248956e-01
9.099999999999983658e+00,9.961843537942020044e-01,9.504287591642672783e-01,9.899253172134533374e-01,9.495102787170378589e-01,4.059597629452781908e-01,8.593641792613889718e-01,8.389661889319588450e-01,-1.292514586757950550e-02,3.781153242190283814e-01
1.009999999999998366e+01,9.959635198329049866e-01,9.416386223709330983e-01,9.896537334829943466e-01,9.469859286472001036e-01,3.368697700213659774e-01,8.569694096900047908e-01,8.317246751781600667e-01,-7.503383368595958197e-03,3.755363562044681802e-01
1.109999999999998366e+01,9.957402816043763316e-01,9.323438443633038641e-01,9.893976831324757804e-01,9.445438929566101205e-01,2.733768114882424438e-01,8.547892113908048817e-01,8.249284063766789687e-01,2.696232278575131508e-03,3.748939974821879351e-01
1.209999999999998366e+01,9.955220569877069048e-01,9.225924047203581946e-01,9.891448108511355919e-01,9.421609450742179925e-01,2.163741604463146340e-01,8.527381929143211803e-01,8.183329725277028732e-01,5.494267653464425527e-03,3.750507917567433847e-01
1.309999999999998366e+01,9.953113899648989849e-01,9.125284559775097559e-01,9.889246693221924733e-01,9.398504871770938518e-01,1.668169961513076005e-01,8.509182643613302233e-01,8.117053232235121873e-01,7.115847924982224510e-04,3.751021797277233061e-01
1.409999999999998366e+01,9.950890751384634525e-01,9.022261232356446614e-01,9.886907138364133818e-01,9.375145998904355071e-01,1.246905654070329938e-01,8.488896514779560309e-01,8.050761555040404360e-01,-3.717841219844122448e-03,3.746713535896681879e-01
1.509999999999998366e+01,9.948580838479602617e-01,8.917155884121542586e-01,9.884100063215418563e-01,9.351300864446826511e-01,8.971717837617633473e-02,8.464649108570320157e-01,7.984284522761420089e-01,-2.743437225661825643e-03,3.737776118948342718e-01
1.609999999999998366e+01,9.946315644938149569e-01,8.809540715205048667e-01,9.881812738154350795e-01,9.329269820837163829e-01,6.111433042939045518e-02,8.447400868070241708e-01,7.917911808861003431e-01,1.010058806615219589e-03,3.726672489140511191e-01
1.709999999999998366e+01,9.944223863178990319e-01,8.699133402056455910e-01,9.879954336076638421e-01,9.308124097009813358e-01,3.829185411456092342e-02,8.432369879013648095e-01,7.852318405221557773e-01,2.866413324017397929e-03,3.712724048788309528e-01
1.809999999999998366e+01,9.942026228000232502e-01,8.587135914060064490e-01,9.877528276087457204e-01,9.286019434778780557e-01,2.092555004607436070e-02,8.412056709697717238e-01,7.786356840415616931e-01,1.841896321218642598e-03,3.692081266622400104e-01
1.909999999999998366e+01,9.939912980561496081e-01,8.473145110480863051e-01,9.875676377608071377e-01,9.265987508282057528e-01,8.211740691149722882e-03,8.399104351379466094e-01,7.719756784538294170e-01,2.588808767522641206e-04,3.662828421774572685e-01
2.009999999999998366e+01,9.937964040363150842e-01,8.358095291227894963e-01,9.874477952707916284e-01,9.247288518149627823e-01,-5.395363665174324717e-04,8.389351468765001707e-01,7.654451298901157053e-01,-4.468941944850659311e-05,3.627120304409243157e-01
2.109999999999998366e+01,9.935779965837566730e-01,8.242274885909682824e-01,9.872362497609885601e-01,9.225854370169438434e-01,-6.007138118138388369e-03,8.367699181151585508e-01,7.587657469472292027e-01,8.836221071797320265e-04,3.589567064988482548e-01
2.209999999999998366e+01,9.933452879664683710e-01,8.126237818997640305e-01,9.869400105950447699e-01,9.202951946108087755e-01,-8.874568121358242245e-03,8.339925390482014755e-01,7.521072161789787991e-01,1.653472148769894422e-03,3.553317727516649427e-01
2.309999999999998366e+01,9.931078223302556296e-01,8.010024067763226174e-01,9.866500128203578024e-01,9.181384258816196464e-01,-9.832522993535095998e-03,8.316916781287829741e-01,7.456830143449665327e-01,1.541180239603848982e-03,3.522577688679068841e-01
2.409999999999998366e+01,9.928894630675600963e-01,7.893307980895233333e-01,9.864394778118984464e-01,9.162879193673627576e-01,-9.408429445488697418e-03,8.304763469458803504e-01,7.395558563861530654e-01,1.045299693054310090e-03,3.500167305158793374e-01
2.509999999999998366e+01,9.926845443161896876e-01,7.776971414582249942e-01,9.862597136923668684e-01,9.145010385429529487e-01,-8.123595508099644771e-03,8.294735859810418166e-01,7.335720007426203004e-01,1.009773132619021284e-03,3.484744704888936284e-01
2.609999999999998366e+01,9.924661973189512487e-01,7.660951618873517166e-01,9.860140547901318220e-01,9.125249785426360338e-01,-6.364051330175465870e-03,8.276836463000157851e-01,7.277614860179941747e-01,1.362757318370396266e-03,3.475264635044829076e-01
2.709999999999998366e+01,9.922398891173991320e-01,7.545375803483870270e-01,9.857729974602418288e-01,9.106002933191599258e-01,-4.431904733081038980e-03,8.259677684593413893e-01,7.219157706388217299e-01,1.843485562533524929e-03,3.464184369185535628e-01
2.809999999999998366e+01,9.920257903977420799e-01,7.430739974710223184e-01,9.855838780628564111e-01,9.087634609098682592e-01,-2.578466188071668226e-03,8.245642459362141352e-01,7.160730087803859334e-01,1.922726684107999885e-03,3.447421300074949291e-01
2.909999999999998366e+01,9.918156897138440398e-01,7.316970095361435833e-01,9.853823887161144990e-01,9.068636981354981641e-01,-9.767375906262695546e-04,8.228904137543107122e-01,7.102085248357392633e-01,1.855162144177023879e-03,3.421894941751418284e-01
3.009999999999998366e+01,9.915903451103553756e-01,7.203981450761366423e-01,9.851506247174135478e-01,9.048908628872750493e-01,2.541972408273814260e-04,8.208797997536161350e-01,7.042249799609107130e-01,1.702742046327904331e-03,3.387837596067765356e-01
3.109999999999998366e+01,9.913690298733187634e-01,7.091868522163532473e-01,9.849204670869117217e-01,9.029518171075664457e-01,1.038609932555196926e-03,8.189353464142934413e-01,6.982025611765715345e-01,1.833177037895231728e-03,3.348329411264533984e-01
3.209999999999998010e+01,9.911517865030973207e-01,6.980745623677649947e-01,9.846787058454521402e-01,9.009841819030122156e-01,1.415970975840409683e-03,8.169176654551888461e-01,6.922585802532426058e-01,1.935531061985767097e-03,3.309888872057021869e-01
3.309999999999998010e+01,9.909262414932353824e-01,6.870937065601152582e-01,9.844352687625225196e-01,8.990960488348704871e-01,1.369635010862056820e-03,8.151889607515334646e-01,6.864656727800653169e-01,1.747211458901070606e-03,3.276805371016727197e-01
3.409999999999998010e+01,9.907091074525987695e-01,6.762342439348506540e-01,9.842264536167834033e-01,8.974187838895910652e-01,9.679525420570355473e-04,8.141080719089798245e-01,6.808656216787711823e-01,1.492636281697389249e-03,3.249610074763175094e-01
3.509999999999998010e+01,9.905042855768008137e-01,6.654905881211549135e-01,9.840252049481658103e-01,8.958576083526467171e-01,2.701822531719610932e-04,8.133365247084122229e-01,6.754303904247332957e-01,1.133170596325952777e-03,3.231067643171656734e-01
3.609999999999998010e+01,9.903022920503167237e-01,6.548881254196716739e-01,9.838318630289668576e-01,8.942143224794606438e-01,-5.855711816549536743e-04,8.123367869812337938e-01,6.701432001467186872e-01,1.097578358662069974e-03,3.218550398790722689e-01
3.709999999999998010e+01,9.900938669140979531e-01,6.444030814582270006e-01,9.836303125555885263e-01,8.924087854084344906e-01,-1.531945293942890045e-03,8.108112349380928174e-01,6.648918373826089301e-01,1.551838437912116337e-03,3.205305397080969732e-01
3.809999999999998010e+01,9.898903649502166502e-01,6.340571038114235503e-01,9.834270737446005883e-01,8.905864034791874939e-01,-2.486547413463319114e-03,8.091065869027181945e-01,6.596564404366654921e-01,1.785711477618215750e-03,3.188996478205492480e-01
3.909999999999998010e+01,9.896871737055020768e-01,6.238525088525795903e-01,9.832171180429243318e-01,8.887898865355513545e-01,-3.429041875250055018e-03,8.074992694674983928e-01,6.544337537765450019e-01,1.378888973477906781e-03,3.170280534964308172e-01
4.009999999999998010e+01,9.894837930619179156e-01,6.137958405881335233e-01,9.830097408580578122e-01,8.869771716135245176e-01,-4.283665996524351621e-03,8.058097381717329588e-01,6.492650032048546960e-01,4.306406988055720393e-04,3.148736259421321404e-01
4.109999999999998010e+01,9.892861554037771787e-01,6.039009951921930908e-01,9.827977081812452331e-01,8.851817840985032326e-01,-5.032499455950906544e-03,8.041385256361722744e-01,6.440816714448565072e-01,-2.863410503355543705e-04,3.125050227165142025e-01
4.209999999999998010e+01,9.890835662741481737e-01,5.941362202787049407e-01,9.825937007284315516e-01,8.833590654617770044e-01,-5.629924469836177468e-03,8.024498961930067731e-01,6.389775593621324079e-01,1.161454826577595781e-04,3.099584916083387709e-01
4.309999999999998010e+01,9.888866121393139474e-01,5.845311843624138026e-01,9.823983129522927404e-01,8.815639480677450734e-01,-6.091289710052487892e-03,8.007486979151163808e-01,6.339242933415376591e-01,1.026604309252078127e-03,3.075503948593422132e-01
4.409999999999998010e+01,9.886880564965562224e-01,5.750667931758967066e-01,9.821981315321552941e-01,8.798252472084349129e-01,-6.392089075162362549e-03,7.991774729333460670e-01,6.289114227030497828e-01,1.508600395370733897e-03,3.052886523068319424e-01
4.509999999999998010e+01,9.884898503971755179e-01,5.657367595433696605e-01,9.819910934671584046e-01,8.780780550329999601e-01,-6.522750363877463653e-03,7.976636462294069974e-01,6.240521260502570611e-01,1.170174771271282905e-03,3.030029765125558106e-01
4.609999999999998010e+01,9.882904532263999675e-01,5.565508033591665127e-01,9.817954509526727325e-01,8.763038616170413242e-01,-6.533236971753079471e-03,7.959654558940072455e-01,6.192167764278297959e-01,3.792536848987665215e-04,3.007588314150176911e-01
4.709999999999998010e+01,9.880992368505867596e-01,5.475118674505198291e-01,9.816037423436283493e-01,8.745060164653536416e-01,-6.440504045487617686e-03,7.942568014254139941e-01,6.143465745052294480e-01,-2.459262530274494056e-04,2.989081391543576549e-01
4.809999999999998010e+01,9.879157801643310144e-01,5.386223623546632089e-01,9.814065466846882968e-01,8.727184817702133834e-01,-6.272170025889436083e-03,7.927157142050539340e-01,6.095167976134843180e-01,-1.917211477960644795e-04,2.970339081249254165e-01
4.909999999999998010e+01,9.877325825711805729e-01,5.298838612648129054e-01,9.812073775046875612e-01,8.709732421387341716e-01,-6.053783344998384976e-03,7.912029107620955903e-01,6.048632134309325226e-01,2.584039587837936637e-04,2.951473087078113067e-01
5.009999999999998010e+01,9.875437077558503196e-01,5.212755712087895343e-01,9.810137029158695343e-01,8.692411951776988221e-01,-5.778886552999519012e-03,7.896869539937704241e-01,6.002361793045629668e-01,7.165512768987719822e-04,2.931803524005408002e-01
5.109999999999998010e+01,9.873535876325477689e-01,5.128141127493459628e-01,9.808217601353079740e-01,8.674986991114302937e-01,-5.470255104940477571e-03,7.881802788855321040e-01,5.956139091490840753e-01,6.397539100868632504e-04,2.913046318421343428e-01
5.209999999999998010e+01,9.871698581826858776e-01,5.044914404473164193e-01,9.806218431037312389e-01,8.657405987255630819e-01,-5.125096296149289112e-03,7.866404122619140571e-01,5.910366822057259162e-01,2.018346179913985800e-04,2.893504069843915727e-01
5.309999999999998010e+01,9.869867988676871429e-01,4.963031151244947092e-01,9.804173810387806220e-01,8.639842399994984712e-01,-4.782474525049154428e-03,7.850683826228472828e-01,5.865877680659929982e-01,3.142708185185637710e-05,2.874161645243171748e-01
5.409999999999998010e+01,9.868020531044447985e-01,4.882471607690648252e-01,9.802243502306455802e-01,8.622375379827064146e-01,-4.442391353250542060e-03,7.834624806687583431e-01,5.822252573638749817e-01,2.063374873189684222e-04,2.854680777445742779e-01
5.509999999999998010e+01,9.866220426325582604e-01,4.803327442327213204e-01,9.800460844666700755e-01,8.604986553297880869e-01,-4.093774086127365333e-03,7.818212376450605072e-01,5.778161134933008647e-01,4.654096237419877631e-04,2.837240194710612395e-01
5.609999999999998010e+01,9.864415249772223726e-01,4.725504540844053802e-01,9.798579029569907117e-01,8.587620148610842774e-01,-3.769962511012288006e-03,7.802474755508272963e-01,5.734975916241885630e-01,3.249983206543093734e-04,2.818667337823969055e-01
5.709999999999998010e+01,9.862613121153986917e-01,4.648988648105675803e-01,9.796699120580188991e-01,8.570212660590081910e-01,-3.506889775900042579e-03,7.786681252618097293e-01,5.692044948185034370e-01,-1.565717271389296776e-05,2.799481525909127133e-01
5.809999999999998010e+01,9.860805597946593615e-01,4.573770331543937084e-01,9.794814068736009682e-01,8.553002070660362666e-01,-3.258999278035102590e-03,7.770563462529321841e-01,5.649352468775665770e-01,-1.806899992000788149e-05,2.780336318483539459e-01
5.909999999999998010e+01,9.858950581927047319e-01,4.499901047721419634e-01,9.792952086811650414e-01,8.535777203432846072e-01,-3.024543212591541356e-03,7.754417223757467115e-01,5.607094722952963295e-01,1.562659663556942996e-04,2.761298942760727626e-01
6.009999999999998010e+01,9.857182427190942509e-01,4.427251997458615529e-01,9.791310904070548160e-01,8.518697138932929125e-01,-2.821855971062133765e-03,7.738163346202930892e-01,5.564692017848378303e-01,2.958579804230942827e-04,2.741985829506923822e-01
6.109999999999998010e+01,9.855446262795707346e-01,4.355904075247376550e-01,9.789606916466344622e-01,8.501436627172198612e-01,-2.668162913774878211e-03,7.722050425852973188e-01,5.523033780497291767e-01,4.095062719017295580e-04,2.724387194520228039e-01
6.209999999999998010e+01,9.853652103807861717e-01,4.285762786800803026e-01,9.787816911632836181e-01,8.484369609004228652e-01,-2.535000415094725013e-03,7.706249597041944233e-01,5.482784438207667366e-01,4.110677634737833121e-04,2.705514609520419111e-01
6.309999999999998010e+01,9.851861086795263844e-01,4.216807442288239005e-01,9.785984024253926439e-01,8.467257844216471430e-01,-2.429645783384470816e-03,7.690751739070805781e-01,5.443218438007345616e-01,3.491813472419908609e-04,2.688122609109926953e-01
6.409999999999998010e+01,9.850114399163429901e-01,4.148973629021581733e-01,9.784132263000721030e-01,8.450237040502256436e-01,-2.362214975232253527e-03,7.675601121147579420e-01,5.403010166099236899e-01,3.525868524380207803e-04,2.671788095664432428e-01
6.509999999999998010e+01,9.848323543598666019e-01,4.082198502675105090e-01,9.782252673936988607e-01,8.433296403292467325e-01,-2.329805624677610317e-03,7.660422714786592202e-01,5.363386005385956112e-01,1.685043282358511356e-04,2.655034369353341250e-01
6.609999999999998010e+01,9.846538704844992607e-01,4.016599479746720824e-01,9.780471887531926312e-01,8.416536705210823088e-01,-2.279642470348747924e-03,7.644760617303131278e-01,5.323975867573145226e-01,2.922057283242368835e-04,2.638299866894304735e-01
6.709999999999998010e+01,9.844854270998469881e-01,3.952076779604218881e-01,9.778792909655025234e-01,8.399617902252594082e-01,-2.228383147056387480e-03,7.628936069395252373e-01,5.284777818727723897e-01,3.341153001015581959e-04,2.622559777119211621e-01
6.809999999999998010e+01,9.843172579143170120e-01,3.888652651246392034e-01,9.777162792123219592e-01,8.382851345506094898e-01,-2.205001995196316251e-03,7.613356991632783677e-01,5.246949599557549915e-01,2.861616040125274942e-04,2.605974105641671867e-01
6.909999999999998010e+01,9.841446557855734190e-01,3.826424771817185100e-01,9.775475139676979008e-01,8.366108528178700654e-01,-2.209112316620815558e-03,7.597816248840836284e-01,5.208581101047707884e-01,2.802388869782520588e-04,2.587764598989450437e-01
7.009999999999998010e+01,9.839758628208138402e-01,3.765304666410009271e-01,9.773794587589605953e-01,8.349353597668160987e-01,-2.193520067218629552e-03,7.582231716900916796e-01,5.170759584474371451e-01,4.135783807573858019e-04,2.570543922666342906e-01
7.109999999999998010e+01,9.838097060135935212e-01,3.705204389927057584e-01,9.772081230028862864e-01,8.332799954049689983e-01,-2.174415304937394201e-03,7.567375213422252722e-01,5.134027381630302811e-01,4.947272949417375184e-04,2.553510447698356112e-01
7.209999999999998010e+01,9.836374959518191519e-01,3.646098739879915507e-01,9.770378875817378184e-01,8.316198973036637021e-01,-2.146603115848959731e-03,7.552589518366567001e-01,5.097711694650394199e-01,5.157794710566928481e-04,2.537415080175569049e-01
7.309999999999998010e+01,9.834666351793214245e-01,3.588013474178207707e-01,9.768716352947637294e-01,8.299749878192242969e-01,-2.110831835755711677e-03,7.537512253227205417e-01,5.061189695764095609e-01,4.670989569368214425e-04,2.520715730682123179e-01
7.409999999999998010e+01,9.833060655025644969e-01,3.530980215254027055e-01,9.767079482822044190e-01,8.283424289700611620e-01,-2.051721040090256909e-03,7.522217929065820874e-01,5.024265988681990702e-01,4.674006900143924973e-04,2.504295738122809811e-01
7.509999999999998010e+01,9.831448210711474234e-01,3.474898387028076407e-01,9.765379684272762484e-01,8.267137954405752165e-01,-1.983706500320336821e-03,7.507261571531670397e-01,4.989234229785090013e-01,4.022483261013858730e-04,2.489525671487106961e-01
7.609999999999998010e+01,9.829782762675213226e-01,3.419771736344535129e-01,9.763576640107167748e-01,8.250849443812938722e-01,-1.908150411312637329e-03,7.492177391064716030e-01,4.954278107809454990e-01,3.366651460893547412e-04,2.474271845859044860e-01
7.709999999999998010e+01,9.828092820532592366e-01,3.365677121801567417e-01,9.761832440799427246e-01,8.234622570397072128e-01,-1.834880409873798851e-03,7.477380061313710913e-01,4.918864461237747454e-01,2.958213586489489579e-04,2.458714459773280736e-01
7.809999999999998010e+01,9.826402876341432391e-01,3.312411909997015624e-01,9.760280149335944788e-01,8.218535781981090027e-01,-1.754960995666630377e-03,7.462688603251285135e-01,4.884304184034835017e-01,3.314795936552041803e-04,2.443686097289640147e-01
7.909999999999998010e+01,9.824773867690997919e-01,3.260053559458505057e-01,9.758745419756698070e-01,8.202254155744949093e-01,-1.691155479688106469e-03,7.447955745034726682e-01,4.850306927269650847e-01,4.980498236053331048e-04,2.427839475458402063e-01
8.009999999999998010e+01,9.823157731960787675e-01,3.208566632663901741e-01,9.757099687358227191e-01,8.186111183522110091e-01,-1.628649912567852473e-03,7.432905158101160703e-01,4.815325134958040598e-01,4.338015976627837816e-04,2.411924182121071014e-01
8.109999999999998010e+01,9.821556074607772358e-01,3.158088458983942526e-01,9.755467815206712023e-01,8.169992209139538275e-01,-1.527790614959045716e-03,7.417500356813394591e-01,4.781569425195971168e-01,3.142659048103301086e-04,2.397652859261032443e-01
8.209999999999998010e+01,9.819921005772654921e-01,3.108478577418704591e-01,9.753873373299213334e-01,8.154147697602992517e-01,-1.437027050949805148e-03,7.402951355183994275e-01,4.748038165433682289e-01,3.564211367370854078e-04,2.381906628992712938e-01
8.309999999999998010e+01,9.818268503924655333e-01,3.059716161291062275e-01,9.752149020389856426e-01,8.138388325858961769e-01,-1.372812770372690500e-03,7.388580253095810013e-01,4.714679125212752342e-01,4.757483404571149870e-04,2.367211517576686686e-01
8.409999999999998010e+01,9.816580953814105781e-01,3.011704836082896852e-01,9.750521269037839556e-01,8.122264370435476888e-01,-1.293191978583815935e-03,7.373866187465588640e-01,4.682520152721835749e-01,6.268271214029034035e-04,2.351816678407815664e-01
8.509999999999998010e+01,9.815009059740065211e-01,2.964603463044160891e-01,9.749050376080778957e-01,8.106247591845133771e-01,-1.226459511035463568e-03,7.359347954281920678e-01,4.649799136741292749e-01,6.726038936598195640e-04,2.337238875930719439e-01
8.609999999999998010e+01,9.813508784143286645e-01,2.918309531344201457e-01,9.747439219926705700e-01,8.090623790095338164e-01,-1.157863690871391207e-03,7.344911520380167369e-01,4.617763431872969337e-01,6.234965141840554358e-04,2.322316888322130957e-01
8.709999999999998010e+01,9.812015464798583553e-01,2.872845326202888017e-01,9.745812391697743493e-01,8.074867108099316182e-01,-1.079858255750768166e-03,7.330633876530137094e-01,4.586068596757577054e-01,5.147256183147093855e-04,2.309477020553556970e-01
8.809999999999998010e+01,9.810501687680843741e-01,2.828188816189978194e-01,9.744197840123244303e-01,8.058849566769812345e-01,-9.902897144147861097e-04,7.316459981610081709e-01,4.554438252342821181e-01,5.525180755955625767e-04,2.294281309939651403e-01
8.909999999999998010e+01,9.808914375870858571e-01,2.784381343668262954e-01,9.742409434853910311e-01,8.043218214623956142e-01,-9.132587235819867710e-04,7.302015901628984285e-01,4.522755468032443327e-01,6.145060189991333362e-04,2.280437236271677659e-01
9.009999999999998010e+01,9.807314888413855014e-01,2.741330674289458869e-01,9.740776644519436589e-01,8.027613463581985132e-01,-8.468158681754210963e-04,7.287847652378739438e-01,4.491421258536381633e-01,5.663624004741802352e-04,2.267816637962361548e-01
9.109999999999998010e+01,9.805768456268955102e-01,2.698964497229885406e-01,9.739261471584538254e-01,8.012176222580007501e-01,-7.922091276962797560e-04,7.274074804066307243e-01,4.461047533257991859e-01,4.338060339211359333e-04,2.252406792774432620e-01
9.209999999999998010e+01,9.804196125324455835e-01,2.657287837967419741e-01,9.737702923119921916e-01,7.996686696763557478e-01,-7.334865525446248452e-04,7.260301647404955316e-01,4.430061651383860877e-01,2.491776705201109547e-04,2.237009114234679297e-01
9.309999999999998010e+01,9.802648680600393183e-01,2.616381681798449210e-01,9.736111802261245840e-01,7.981022814994200854e-01,-7.021840655935045975e-04,7.246372698835124027e-01,4.399191097859709298e-01,3.102919859572636149e-04,2.224946681211086852e-01
9.409999999999998010e+01,9.801111026103125345e-01,2.576264990365946805e-01,9.734447824835726903e-01,7.965711740081141690e-01,-6.686352502275792146e-04,7.232060354007751046e-01,4.369242744759909147e-01,4.956771364331399908e-04,2.213029660988877212e-01
9.509999999999998010e+01,9.799608711194072175e-01,2.536755853665589866e-01,9.732842346693608704e-01,7.950386858320105388e-01,-6.362436238375843330e-04,7.217962558647629256e-01,4.340683956512362829e-01,5.470898017572115718e-04,2.200357619048260160e-01
9.609999999999998010e+01,9.798137496773913213e-01,2.497933418497175206e-01,9.731205463962819824e-01,7.934695971601001263e-01,-6.463716982159693845e-04,7.203742204078306122e-01,4.312040333097950096e-01,4.638606416236207915e-04,2.184157938315713365e-01
9.709999999999998010e+01,9.796693672515545126e-01,2.459828266561809862e-01,9.729657640332962654e-01,7.919022793736238963e-01,-6.268104713989329068e-04,7.189117915428345773e-01,4.282776198678028279e-01,3.584147532180081345e-04,2.170128933443183639e-01
9.809999999999998010e+01,9.795183241650795569e-01,2.422342800541970875e-01,9.728087086403709449e-01,7.903598467091217383e-01,-6.195588854960723882e-04,7.174685393501307740e-01,4.253578288537044894e-01,4.405727108898739542e-04,2.156192760723676938e-01
9.909999999999998010e+01,9.793603119578624394e-01,2.385555298547969716e-01,9.726530918003600812e-01,7.888272846392639925e-01,-6.104357965660568144e-04,7.160793501266200511e-01,4.224010131548849856e-01,5.757961472196588279e-04,2.143008454230142523e-01
1.000999999999999801e+02,9.792021576876821509e-01,2.349397627653727894e-01,9.725033616395777347e-01,7.873066678790259232e-01,-5.769287266151436940e-04,7.147030962972624746e-01,4.195137635398121234e-01,5.520977390369360147e-04,2.131853194986613742e-01
1.100999999999999801e+02,9.777044525629257077e-01,2.021032955720976354e-01,9.710121777000626508e-01,7.723602746672794117e-01,-5.677968915307007956e-04,7.011171328277097103e-01,3.926325553216216679e-01,3.456443619587169455e-04,2.006758529406868496e-01
1.200999999999999801e+02,9.762214518580614175e-01,1.745623210341248621e-01,9.695570196345888458e-01,7.577001202944766423e-01,-4.317572043720859388e-04,6.878728301382591725e-01,3.676904303562993359e-01,2.708696497770948937e-04,1.891449500653682725e-01
1.300999999999999659e+02,9.747887920801966422e-01,1.515171440494890165e-01,9.680949951215945815e-01,7.434307248738403207e-01,-7.319909526893189506e-06,6.749318742285829176e-01,3.448348016197911314e-01,3.557526046693966167e-04,1.780732688732301894e-01
1.400999999999999659e+02,9.734005828877888566e-01,1.322048588512045320e-01,9.666823292491036890e-01,7.295240204448258936e-01,-2.669510664640729937e-05,6.623230318451003296e-01,3.236216144413037732e-01,1.414941284210828609e-04,1.681755445178841069e-01
1.500999999999999659e+02,9.720117865621074049e-01,1.159415430370240863e-01,9.653128744862020660e-01,7.160072802338101061e-01,-2.169522402724367047e-04,6.500172280830155414e-01,3.039860875142054719e-01,-1.368357033317116038e-05,1.587755566192404488e-01
1.600999999999999659e+02,9.706379498685709928e-01,1.023411365500562498e-01,9.639293047465972153e-01,7.027842815495383144e-01,6.564269152265532015e-06,6.380014202642411147e-01,2.857661912420267347e-01,-1.323672471764110867e-06,1.500155922030622646e-01
1.700999999999999659e+02,9.692903125009634246e-01,9.084489315555784039e-02,9.625711832619358033e-01,6.898135314096762727e-01,-4.815698084708833322e-06,6.263278220585836165e-01,2.688107922370314706e-01,1.956704343191294638e-04,1.416868784350311661e-01
1.800999999999999659e+02,9.679601386961803611e-01,8.107063392869008622e-02,9.612594284463142902e-01,6.771073148541129072e-01,9.422134096560823714e-05,6.147869611530760725e-01,2.530651649219097243e-01,1.966434519008218311e-05,1.340211798600440540e-01
1.900999999999999659e+02,9.666680048298367245e-01,7.273645956318958161e-02,9.599129396799914726e-01,6.646084620453600600e-01,2.278241393571993703e-04,6.036242840963741418e-01,2.383628467124882799e-01,2.020865380731524702e-04,1.269284583673174482e-01
2.000999999999999659e+02,9.653805237414214702e-01,6.556469773950457380e-02,9.586382127310918433e-01,6.525745333558196082e-01,1.987751638170726933e-04,5.926931648348221504e-01,2.246738839908936636e-01,5.267785469573156516e-05,1.196639641190501979e-01
2.100999999999999659e+02,9.640832670809902361e-01,5.940465684388228362e-02,9.573587622639118111e-01,6.406318454444891453e-01,1.409366607858423106e-04,5.819030882315625597e-01,2.119050475150357216e-01,5.890239347305091588e-06,1.135485644253395598e-01
2.200999999999999659e+02,9.628005241256485380e-01,5.402830997253155881e-02,9.560695072788647497e-01,6.289919741498567474e-01,-5.416527173845797567e-05,5.714920057284904598e-01,1.998099513344803457e-01,2.411922936964881406e-05,1.075977196341716541e-01
2.300999999999999659e+02,9.615583400580041129e-01,4.935261996544262203e-02,9.548336751602750638e-01,6.176160304067451756e-01,-1.503309428625612524e-04,5.610997240330095615e-01,1.887758832603547710e-01,-6.969086484949723920e-05,1.018878816645847896e-01
2.400999999999999659e+02,9.602962248355799701e-01,4.524291528883525593e-02,9.535533905400168653e-01,6.064568306404350961e-01,-1.610349883898793311e-04,5.511411272897601688e-01,1.782001717063625146e-01,7.623938170532923637e-05,9.645119735699986263e-02
2.500999999999999659e+02,9.590594023215052166e-01,4.160259744907592733e-02,9.523301963890478117e-01,5.955814345297970602e-01,-1.382022883673042404e-04,5.412303829469794492e-01,1.684732145165918626e-01,-2.819738598174778216e-05,9.184205099488909618e-02
2.600999999999999659e+02,9.578191321518616519e-01,3.839915716765162496e-02,9.511294418007510965e-01,5.849091358529843188e-01,-2.735740961940700774e-04,5.316215332541920358e-01,1.592428281866918871e-01,-1.584639357996291294e-04,8.708266419925507484e-02
2.700999999999999659e+02,9.565980647400009751e-01,3.554561354519837624e-02,9.499002248540696636e-01,5.744456997155139577e-01,-1.156842632842881012e-04,5.221534095292997835e-01,1.506089437449847357e-01,-1.536913455826100980e-04,8.245273178621065346e-02
2.800999999999999659e+02,9.553734956832530267e-01,3.290580771983680347e-02,9.486826348927579478e-01,5.641951205435948857e-01,-7.463450790476530098e-05,5.128575123434226946e-01,1.425987889882570359e-01,-3.328152143125029155e-05,7.842797177788142504e-02
2.900999999999999659e+02,9.541474637566395023e-01,3.049166743847018385e-02,9.474921613845355139e-01,5.541365741904981101e-01,-2.253415831270088882e-04,5.037914073484580646e-01,1.350891067805262136e-01,-4.182315348484647803e-05,7.441574747609268348e-02
3.000999999999999659e+02,9.529420549892626546e-01,2.823936841800598826e-02,9.462806852253992096e-01,5.443472845536392324e-01,-1.464449427709979567e-04,4.950344436670967574e-01,1.279746249526252655e-01,-5.237752935838831754e-05,7.077494305161445565e-02
3.100999999999999659e+02,9.517233429349246654e-01,2.622045710408490993e-02,9.450917019608233716e-01,5.347695200033295571e-01,-5.129291093166036695e-05,4.861250494584506421e-01,1.212175324802962084e-01,2.633946674775052260e-05,6.726409948103574676e-02
3.200999999999999659e+02,9.505180201188487832e-01,2.445619553408441213e-02,9.438944417373219542e-01,5.253047853364859465e-01,-2.101099846611840410e-04,4.777810174867095916e-01,1.149535915324983587e-01,2.800022440754342006e-05,6.370135603217236264e-02
3.300999999999999659e+02,9.493328570200467720e-01,2.286990230566486593e-02,9.426957156740519705e-01,5.161067259279782382e-01,-1.074928220894199693e-04,4.693766820558346597e-01,1.090471998623449984e-01,1.124893151037621746e-05,6.069939464291536357e-02
3.400999999999999659e+02,9.481554152443917305e-01,2.145218041121452549e-02,9.415399923268249482e-01,5.070097618184720156e-01,-2.020709208144143233e-04,4.611969950246311845e-01,1.034358422542587530e-01,1.071600354747003229e-04,5.770056831949596510e-02
3.500999999999999659e+02,9.469599623886407747e-01,2.013273256462237704e-02,9.403297672728204715e-01,4.981198222460956893e-01,-6.099453828693517305e-05,4.531572205074856918e-01,9.824094369089592105e-02,-1.701997442329592240e-04,5.507455369194472899e-02
3.600999999999999659e+02,9.457735695609660320e-01,1.893414015584875612e-02,9.391768829157353116e-01,4.894734061739495767e-01,5.127572538984833300e-05,4.453751572801010195e-01,9.329455076533883784e-02,1.209322457483432247e-04,5.233944569080691001e-02
3.700999999999999659e+02,9.445931240936360496e-01,1.780681050432558754e-02,9.380161162410083353e-01,4.809339143382476145e-01,1.016495150558047980e-04,4.375889670022249933e-01,8.871956349833226563e-02,-2.026106099031175795e-04,4.984686625843271629e-02
3.800999999999999659e+02,9.434337438645586937e-01,1.669753055119188589e-02,9.368532169366368123e-01,4.725750671987720697e-01,1.076079319895351224e-04,4.300186664640343048e-01,8.426915508184765202e-02,5.957621897780566246e-05,4.750087638997194800e-02
3.900999999999999659e+02,9.422823312278238994e-01,1.565099053443116256e-02,9.356746400972382194e-01,4.643475912756184210e-01,1.432155643582048391e-04,4.226088689834047174e-01,7.998658019793311591e-02,-2.725310253872436278e-05,4.532271629985278050e-02
4.000999999999999659e+02,9.411297983507806997e-01,1.462233643172432089e-02,9.345530728183755187e-01,4.563198133680181345e-01,1.017818853725090518e-04,4.154761230565043317e-01,7.607226754369608712e-02,8.106839780119193381e-05,4.323821498985260664e-02
4.100999999999999659e+02,9.399787571990643187e-01,1.371671823842326304e-02,9.333688297148167168e-01,4.484327627251140092e-01,-1.209287545548222209e-05,4.082332463860229299e-01,7.246742785000229170e-02,-2.473467868376930367e-05,4.114250375777709495e-02
4.200999999999999659e+02,9.388347687485552040e-01,1.296482476849368168e-02,9.322441545261149765e-01,4.407251330434556746e-01,-1.590713145108221808e-06,4.012396667802983208e-01,6.886448283371082724e-02,-9.597104375059992414e-05,3.923985387120801360e-02
4.300999999999999659e+02,9.376789324071096443e-01,1.217328567626223615e-02,9.311355621614946232e-01,4.332285485219989907e-01,-1.783308557122364365e-05,3.944715850667100399e-01,6.555198191114161577e-02,4.345651568323233096e-06,3.734495424152308590e-02
4.400999999999999659e+02,9.365157509265757962e-01,1.148296062773834780e-02,9.299831490306114112e-01,4.257964803875483595e-01,5.672789371290033029e-05,3.878154829011601912e-01,6.250919206651854576e-02,6.961145797271935337e-05,3.574695462880149444e-02
4.500999999999999659e+02,9.353695151443872646e-01,1.074848197110766547e-02,9.288688614853668479e-01,4.185425390540546964e-01,-1.201641138173789396e-04,3.812241025082719337e-01,5.960242004306438163e-02,1.022916396331708652e-04,3.414680205588437045e-02
4.600999999999999659e+02,9.342518081304377331e-01,1.010159960716701735e-02,9.277578812710252087e-01,4.114299523043554729e-01,-1.122110810869878460e-04,3.747504408379992991e-01,5.676075801255513198e-02,1.346923258916650848e-04,3.260651416449616286e-02
4.700999999999999659e+02,9.331095986101131112e-01,9.534825340988845044e-03,9.266448398841090617e-01,4.044051994623693580e-01,7.087205145588063482e-05,3.684077559811350100e-01,5.417554133022435547e-02,1.036560647756929662e-07,3.126198366731353095e-02
4.800999999999999659e+02,9.319862576599523551e-01,9.013059064246315213e-03,9.254894656239998074e-01,3.975493712788553680e-01,-2.834609664479068034e-05,3.622438704292454403e-01,5.171439638695884272e-02,-4.652468490731081520e-05,2.982669030923933845e-02
4.900999999999999659e+02,9.308775925133800921e-01,8.489039910635215111e-03,9.244067330808536376e-01,3.907782424077204109e-01,-3.866910686980756448e-05,3.560913009585589539e-01,4.943322671620675735e-02,-9.468148773587453930e-05,2.860294202138326247e-02
5.000999999999999659e+02,9.297608797831448113e-01,7.980028338207982574e-03,9.233040811590444985e-01,3.842258917232554416e-01,1.437142754455943388e-04,3.500915192818835897e-01,4.719536858958974651e-02,-1.139291667432088667e-04,2.747105613297550625e-02
5.100999999999999659e+02,9.286418353418136595e-01,7.492178874721583740e-03,9.222062175301011244e-01,3.778009385385248664e-01,1.282987852180359888e-04,3.442396735526737084e-01,4.515379900610659580e-02,-3.524632444129495722e-05,2.639812690210043000e-02
5.200999999999999091e+02,9.275332735034963472e-01,7.094829991644707734e-03,9.211166376871369188e-01,3.714768366551324807e-01,5.464190343355095205e-06,3.384072578391867370e-01,4.311720255782018618e-02,1.405484269693883087e-04,2.514389815028501146e-02
5.300999999999999091e+02,9.264300026509674213e-01,6.690040299088016902e-03,9.200076957154192936e-01,3.652696974813569586e-01,-2.000372239770917181e-05,3.328446116449216285e-01,4.124022021300097207e-02,-6.504606498469695875e-05,2.411582278546205507e-02
5.400999999999999091e+02,9.253306837369065230e-01,6.326054567846408141e-03,9.189066459342977167e-01,3.591660597438756097e-01,-7.753994567030247302e-05,3.273436728581204380e-01,3.945623641600039255e-02,3.766579899130383041e-06,2.316886762748577785e-02
5.500999999999999091e+02,9.242415645623436316e-01,5.995036087236511879e-03,9.177891612373657582e-01,3.531647379546394849e-01,-3.995184150184012429e-05,3.219305526478445367e-01,3.770158171642574302e-02,-1.682971761706208210e-04,2.231406155782578865e-02
5.600999999999999091e+02,9.231502779041006468e-01,5.628104187477801605e-03,9.167283696736935328e-01,3.473049663464182202e-01,9.895426289657975149e-05,3.165160385814657085e-01,3.614593206042895218e-02,-9.860843842961446030e-05,2.135248118452638330e-02
5.700999999999999091e+02,9.220451357034701312e-01,5.296214715814808946e-03,9.156423650378494594e-01,3.415270206488162930e-01,1.201856687670004321e-05,3.113044605987226876e-01,3.461950739533631999e-02,8.151611860153870235e-05,2.037164424238802063e-02
5.800999999999999091e+02,9.209378856282632864e-01,5.034279505469263678e-03,9.145428851445062124e-01,3.358867398721254727e-01,2.240846383334634779e-05,3.062148429745781830e-01,3.322690302394993439e-02,8.220223579628928323e-05,1.960318016750095191e-02
5.900999999999999091e+02,9.198367527936406329e-01,4.763261526870976072e-03,9.134667285617441568e-01,3.303293517480642705e-01,-5.906776471463791004e-06,3.012458819894773265e-01,3.192514388334261738e-02,9.566079161228104499e-05,1.894712144239389315e-02
6.000999999999999091e+02,9.187435720523976501e-01,4.509712989548706787e-03,9.124026706902845785e-01,3.248548604313346022e-01,1.388295898544254032e-04,2.961401336524983052e-01,3.065704907097920040e-02,1.006835249310001041e-06,1.797057284136530791e-02
6.100999999999999091e+02,9.176722165390187591e-01,4.259730138760751787e-03,9.113330322108951220e-01,3.195106081159816980e-01,2.779814208504559998e-05,2.913567962836757230e-01,2.944792081847384668e-02,-1.380777102731252403e-04,1.747175079314425977e-02
6.200999999999999091e+02,9.165775312492929761e-01,4.063042611797770647e-03,9.102849953250968795e-01,3.141802864912328075e-01,9.167482943847556119e-05,2.866213954297344157e-01,2.830746368154439876e-02,7.587426973413855949e-06,1.676674755860193058e-02
6.300999999999999091e+02,9.154953264776429789e-01,3.910424667311539378e-03,9.091950522739947749e-01,3.091130367950783442e-01,1.054592790000921074e-05,2.819847918304757561e-01,2.716704896534503921e-02,-5.282124789901600665e-05,1.607568333130143801e-02
6.400999999999999091e+02,9.144336929321409402e-01,3.765953123334939753e-03,9.081641599366021556e-01,3.040170969896500153e-01,-2.633431720779593469e-05,2.773220658071061107e-01,2.616791186136009639e-02,-6.808047508578836231e-05,1.547633780274581573e-02
6.500999999999999091e+02,9.133509094710111631e-01,3.631035043575629121e-03,9.070891134504094344e-01,2.990076156291893716e-01,1.140792808142462899e-04,2.728868658855455043e-01,2.510693113634635334e-02,8.298501369101009642e-05,1.494627950344474404e-02
6.600999999999999091e+02,9.123000301718325877e-01,3.487763351967911474e-03,9.060441079964238753e-01,2.941446788267736423e-01,1.696508144749483179e-04,2.684917593957160675e-01,2.419338354639757188e-02,5.308404284370024211e-05,1.438742364600637674e-02
6.700999999999999091e+02,9.112511088088500744e-01,3.360007660891329434e-03,9.049586046276201223e-01,2.893684753441779223e-01,1.150112218435523314e-04,2.641970641723186963e-01,2.332315404098610212e-02,-6.818261591662903777e-05,1.398900353699274700e-02
6.800999999999999091e+02,9.101861946259542924e-01,3.223554371359191231e-03,9.039106536004646308e-01,2.847295948057194659e-01,4.181887189568711711e-05,2.599126438987166554e-01,2.247073853508499072e-02,5.892354086118619218e-05,1.341820615669578678e-02
6.900999999999999091e+02,9.091099091270888888e-01,3.112576052600582888e-03,9.028616873510816321e-01,2.801560435634736224e-01,3.037681990038546101e-05,2.557275535208497486e-01,2.159899892890123144e-02,1.301703120029068365e-04,1.282824434260473184e-02
7.000999999999999091e+02,9.080570424182038414e-01,3.052685418378572532e-03,9.018110324459117644e-01,2.756819697597677199e-01,1.033958310858795813e-04,2.516858979883671577e-01,2.096392174290681240e-02,5.306744619234141460e-05,1.270724655904556695e-02
7.100999999999999091e+02,9.069956826229712554e-01,2.976364549678155863e-03,9.007226183223817628e-01,2.712624715991401869e-01,4.388754111510383067e-05,2.476709722477655196e-01,2.031931207290211400e-02,-8.618016616428497321e-05,1.203754399134038255e-02
7.200999999999999091e+02,9.059408235215872240e-01,2.834945847589248526e-03,8.996984601390199954e-01,2.668941589948821691e-01,1.686825633996030756e-05,2.437603214821666975e-01,1.963183508533617588e-02,-4.737984788615379260e-05,1.182025017978358301e-02
7.300999999999999091e+02,9.048879742137443394e-01,2.704228546111995830e-03,8.986582384296006865e-01,2.627007878163364341e-01,1.698032325644657867e-04,2.398438670345151846e-01,1.900337864184557107e-02,5.483990996018854743e-05,1.147985984434506807e-02
7.400999999999999091e+02,9.038567170198784639e-01,2.582528297466250584e-03,8.976550795221629464e-01,2.585503948018499920e-01,2.901948718516265250e-05,2.360352118787822640e-01,1.846513513980123367e-02,-5.567582349863896789e-05,1.109482625835363570e-02
7.500999999999999091e+02,9.028317588515648584e-01,2.434973340789583617e-03,8.966123512865739054e-01,2.544153632791469333e-01,-5.248203900325032630e-05,2.323304580554163001e-01,1.789269810671115235e-02,3.235423813445288308e-04,1.073800815866941295e-02
7.600999999999999091e+02,9.017650142241722122e-01,2.250176550978756108e-03,8.956058053036738409e-01,2.503575065502839370e-01,-8.496872626674263141e-05,2.286679954559486527e-01,1.730292861179374281e-02,-3.255003146711482121e-05,1.036774197907838757e-02
7.700999999999999091e+02,9.007495797337852217e-01,2.099127060073468012e-03,8.945367347932777768e-01,2.464159528462165072e-01,-5.817135877838102364e-05,2.251234405606017952e-01,1.673283985358300571e-02,8.046020802159623096e-05,1.014626583013877176e-02
7.800999999999999091e+02,8.997203542489837780e-01,1.996276527585788378e-03,8.935415495082857928e-01,2.425137971874378739e-01,3.549904141389703107e-05,2.215718465173805163e-01,1.623242180773728019e-02,-1.168280619388292692e-04,9.771606526464573714e-03
7.900999999999999091e+02,8.986754862747983186e-01,1.866259933383726099e-03,8.925289331808506921e-01,2.386571852458782006e-01,-1.162125366805174109e-05,2.180860636794889618e-01,1.577330918565360285e-02,-7.591108290744741274e-05,9.395387239873499372e-03
8.000999999999999091e+02,8.976632020254730060e-01,1.763125448198598396e-03,8.914765724257025514e-01,2.349873505221856396e-01,-3.268611324342547247e-05,2.147073819516731041e-01,1.528673114763982183e-02,3.561235800566380085e-05,9.362922648127373904e-03
8.100999999999999091e+02,8.966046780118808179e-01,1.661734488835430248e-03,8.904860370311530327e-01,2.312677630436985043e-01,-6.708272249510553752e-05,2.114435662777358060e-01,1.479090753618069257e-02,-2.133085456051182866e-05,9.155219210598836144e-03
8.200999999999999091e+02,8.955730945466464643e-01,1.567890679861975479e-03,8.894539830128048719e-01,2.276469810854263309e-01,1.015899370535404807e-04,2.080978662906704246e-01,1.431680695292306474e-02,5.963076557243465335e-05,8.642075104195059629e-03
8.300999999999999091e+02,8.945479169982415435e-01,1.494913154518601314e-03,8.884078014207613672e-01,2.240762738051691738e-01,2.086495317268552690e-04,2.048799561521782997e-01,1.394362987025323658e-02,5.905554512962001576e-05,8.322314712036676942e-03
8.400999999999999091e+02,8.935433831120719317e-01,1.427731135069708899e-03,8.874173215264623549e-01,2.206028014814405691e-01,-1.129689850655739647e-05,2.016698548784033318e-01,1.369184397781985328e-02,1.912368751125352899e-04,8.160731366652506161e-03
8.500999999999999091e+02,8.925288927976844366e-01,1.393692910410388982e-03,8.864012889487291602e-01,2.172146559261900756e-01,-4.318157688480258622e-06,1.986513880474952698e-01,1.320805557624617731e-02,1.767002811467311457e-05,8.040629251808031550e-03
8.600999999999999091e+02,8.915020325480650376e-01,1.372618266844967058e-03,8.853772875342293958e-01,2.137975271890935614e-01,2.614401190619190262e-05,1.957208919734822750e-01,1.288203764542597378e-02,-3.757363165395328483e-05,7.926246412724021265e-03
8.700999999999999091e+02,8.904954497769461685e-01,1.349887128383857283e-03,8.844046407509983387e-01,2.105357305640781773e-01,-1.297428000196431893e-04,1.926706858409132639e-01,1.247693903863481522e-02,9.787718889017313061e-06,7.732344158003146527e-03
8.800999999999999091e+02,8.894962964359055535e-01,1.311840159617912952e-03,8.833960107692456765e-01,2.072679052466342431e-01,-5.307535924946954760e-06,1.895859663651839333e-01,1.218470051771663662e-02,-1.500064493428463516e-04,7.702262673083192131e-03
8.900999999999999091e+02,8.884833809440318975e-01,1.241427959135841521e-03,8.823758924046227747e-01,2.041395290218609992e-01,6.058122325753703187e-05,1.867621709217709702e-01,1.187018741529282696e-02,4.806248798308020842e-05,7.373240997779039602e-03
9.000999999999999091e+02,8.874754341304659233e-01,1.108656160300739661e-03,8.813832936562822074e-01,2.010106713483908181e-01,9.038724204108198809e-05,1.839530358005149469e-01,1.158702283028614950e-02,-1.675172648313490999e-05,7.201215820261756481e-03
9.100999999999999091e+02,8.864858736287393182e-01,1.066096060696650281e-03,8.803900408923494014e-01,1.979887776474171523e-01,1.386260535614093061e-04,1.812165909921727158e-01,1.137457136136210689e-02,-4.981836377120786840e-05,7.157754583936341668e-03
9.200999999999999091e+02,8.854778716270839123e-01,1.040311874125012534e-03,8.794189950729027760e-01,1.950119548221235510e-01,-1.318236893895772860e-04,1.784966992560652332e-01,1.105247965647374216e-02,-3.466896775382655236e-05,6.972767510258629127e-03
9.300999999999999091e+02,8.844757589459893987e-01,9.880594178419057228e-04,8.784087828794977515e-01,1.920741200906025403e-01,-2.807526063760857516e-06,1.757556079031928620e-01,1.092760197713739563e-02,-9.421634418900586277e-05,6.866431655336771925e-03
9.400999999999999091e+02,8.835073365682020174e-01,9.438662504507558566e-04,8.774602598729772662e-01,1.891410466282413549e-01,1.820067672127691097e-04,1.730810997763694847e-01,1.072877435001046674e-02,1.904195474268332688e-04,6.811952865325217321e-03
9.500999999999999091e+02,8.825225061208634703e-01,9.219806774226494209e-04,8.764372851175151746e-01,1.863303969915432179e-01,1.344705702889450400e-05,1.705252965610960514e-01,1.041804858882973764e-02,-2.177481577900290926e-04,6.599799772899952316e-03
9.600999999999999091e+02,8.815302453700467611e-01,8.452948013079839571e-04,8.754801613844805930e-01,1.834822664345243659e-01,1.582648093211266711e-05,1.679581411303447402e-01,1.019064025620832099e-02,1.570901657878820412e-04,6.376811459441220770e-03
9.700999999999999091e+02,8.805331474422037896e-01,8.095154380696473065e-04,8.744788346816969593e-01,1.807190714412005572e-01,6.800545696769381141e-05,1.654188741672200369e-01,1.009226409758919030e-02,-1.297620118075016812e-04,6.311138310946672048e-03
9.800999999999999091e+02,8.795513583278459224e-01,7.726021444723079777e-04,8.734948469031604823e-01,1.780634490736389686e-01,2.210320717964345684e-04,1.630188695308754654e-01,9.745592667166109654e-03,-9.308237848532854191e-05,6.198320919201434805e-03
9.900999999999999091e+02,8.785544854105815649e-01,7.828524538381792823e-04,8.725421171699500045e-01,1.753684207980051313e-01,2.186114729784838370e-05,1.605512909965380042e-01,9.599439173540797593e-03,-1.461865921824957205e-04,5.911934049678871893e-03
1.000099999999999909e+03,8.775517673468271607e-01,7.161259943390131102e-04,8.715630661283211289e-01,1.728398918548629815e-01,-1.167133254302595957e-04,1.581519906478069948e-01,9.470468639774940606e-03,-3.851180307091234576e-05,6.077387258755826728e-03
1.100099999999999909e+03,8.678486539667572552e-01,5.278426453935805302e-04,8.618815150357814758e-01,1.492575290060285387e-01,-1.361361971627961863e-05,1.368300538121051957e-01,8.160906090476510721e-03,-2.153505649956165930e-04,5.338319831876651121e-03
1.200099999999999909e+03,8.583024785739760132e-01,4.294469562905768307e-04,8.524681822845231460e-01,1.296253104761589114e-01,1.801850323756082404e-05,1.189121982243704356e-01,7.488651732075959563e-03,4.340368268795524352e-05,4.643326524712371346e-03
1.300099999999999909e+03,8.490003843194606770e-01,1.509654156243265427e-04,8.432160482748326524e-01,1.129794592487687738e-01,-9.593061804745778754e-05,1.039872283619349830e-01,6.884219353795912287e-03,6.561089182436872166e-06,4.196242914173770738e-03
1.400099999999999909e+03,8.398763331844759650e-01,1.218327462850087744e-04,8.341134965421252989e-01,9.913585449904106783e-02,-1.387846046357077987e-04,9.132067609916183493e-02,6.438383183687121716e-03,-3.916091332331386710e-05,4.081265736143695200e-03
1.500099999999999909e+03,8.308612429015073131e-01,2.126718964558953803e-04,8.252005679565549423e-01,8.739189322439294694e-02,-5.753880238368926656e-06,8.066753854476085839e-02,6.014751330825602628e-03,-1.936840782443881594e-05,3.817665010781498124e-03
1.600099999999999909e+03,8.220427793345204126e-01,7.847529349366523998e-05,8.164317144093774514e-01,7.759871894615141819e-02,-5.574569479875086563e-06,7.166724759047783666e-02,5.943853387025618829e-03,1.233426148219911962e-04,3.612199189219770460e-03
1.700099999999999909e+03,8.134066000827034904e-01,6.844478010416857024e-05,8.078271227962742218e-01,6.924450188610860313e-02,9.149627932246255906e-05,6.414075515044637132e-02,5.931341792693785309e-03,1.173967921582285247e-04,3.582819283727228885e-03
1.800099999999999909e+03,8.048763680147825728e-01,1.307115544983842908e-04,7.993811763457902009e-01,6.215674579175362729e-02,-1.782734352143155467e-04,5.779484022352567724e-02,5.741871584171420392e-03,-1.080235595802860580e-04,3.470729167720951365e-03
1.900099999999999909e+03,7.965127123653223951e-01,-5.672488503524591703e-05,7.911075906718790796e-01,5.624112247413231430e-02,-2.077029441517499032e-04,5.225444820200182694e-02,5.710093581632709296e-03,-6.015557046414226944e-05,3.668928753684446136e-03
2.000099999999999909e+03,7.882930679519906114e-01,-1.479086216419414623e-04,7.829613268807823490e-01,5.099151670987678991e-02,2.353538023934303937e-04,4.748889239505810211e-02,5.608300663556525789e-03,9.754614829804070827e-05,3.549386931535255911e-03
2.100099999999999909e+03,7.802268749139147364e-01,-2.108467013478894193e-05,7.749347698453257216e-01,4.660766240152410672e-02,-3.143518999159101551e-05,4.356409391461684572e-02,5.455283066816124689e-03,7.455888087447553464e-05,3.538018138981483419e-03
2.200099999999999909e+03,7.722577652885699306e-01,6.289387932405030967e-05,7.670921486075957807e-01,4.285994758118720493e-02,7.700151023928955736e-06,4.014281860143271291e-02,5.538123374653953525e-03,9.554121172113704718e-06,3.357326001923623907e-03
2.300099999999999909e+03,7.644355238535439634e-01,1.015257763281666699e-04,7.592964298893947195e-01,3.960501840510984722e-02,5.828451164602493158e-05,3.712300940632978774e-02,5.466215468593880675e-03,-1.560276337809860957e-04,3.461465313126417098e-03
2.400099999999999909e+03,7.567746269157468175e-01,2.917791203466396966e-05,7.516845052165358476e-01,3.684834707217939792e-02,-8.161671651418306783e-05,3.431099692917975036e-02,5.365966085623560117e-03,2.802800365944756186e-05,3.256790840642124346e-03
2.500099999999999909e+03,7.492285461346801512e-01,2.523365296961114812e-05,7.442242048400279364e-01,3.458016187893439564e-02,1.014628459826197982e-04,3.228898293631943944e-02,5.581683898587258899e-03,8.132067850105689387e-05,3.464544007692357992e-03
2.600099999999999909e+03,7.417601512134104347e-01,-1.339414590726490599e-04,7.368186708043609201e-01,3.248336834488444597e-02,-1.827435657191548931e-04,3.035186853686188888e-02,5.484835684748842234e-03,-8.946170380495350159e-05,3.407614903212952129e-03
2.700099999999999909e+03,7.344314694467475313e-01,-1.113811084799806641e-04,7.295169874443961922e-01,3.062883934100126687e-02,1.136122423543780983e-04,2.862947652160960019e-02,5.495312362461294946e-03,-9.638794005640429863e-05,3.395607482552891014e-03
2.800099999999999909e+03,7.272348092235649819e-01,-1.491001477814118286e-04,7.223607306751093082e-01,2.898356011342430663e-02,-4.330891227729003937e-05,2.718363595358349802e-02,5.484316801868824309e-03,-4.831441307580926073e-05,3.338775257484093931e-03
2.900099999999999909e+03,7.201016738824519425e-01,-1.365536359504052977e-04,7.153032078622389989e-01,2.768937200909253257e-02,-8.888203176725873909e-05,2.586321681641649134e-02,5.407683796320219768e-03,-1.574140654946941484e-04,3.405197029557563426e-03
3.000099999999999909e+03,7.130962017499898886e-01,-7.338552283307249327e-05,7.083874660206639362e-01,2.636065847770606083e-02,7.664691065832118300e-05,2.479294345066919078e-02,5.407844561501120965e-03,7.575281223923648402e-05,3.447144912234524974e-03
3.100099999999999909e+03,7.061945652143046814e-01,-4.951556942864257396e-05,7.015376910327119075e-01,2.533207518949856518e-02,1.794422728600427277e-04,2.379489153927244818e-02,5.264891085385592535e-03,9.439489489444602649e-05,3.434046220787429198e-03
3.200099999999999909e+03,6.994178742223621237e-01,-3.370516577700745418e-05,6.947772276476995579e-01,2.449530698604971551e-02,1.523379916272375463e-04,2.286368994422225201e-02,5.242940991375059055e-03,-3.673056810795060468e-05,3.603180959886684125e-03
3.300099999999999909e+03,6.927820759549125906e-01,-4.687505990496832950e-05,6.881460009022369873e-01,2.374007867736279906e-02,7.252716884882761175e-05,2.206250350694082332e-02,5.289062586687401542e-03,-2.049476384155755464e-05,3.452963353383575740e-03
3.400099999999999909e+03,6.861564909268816903e-01,-5.897646151054521281e-05,6.816386665128725264e-01,2.293294084577147257e-02,-7.060604208438280743e-05,2.147530823540597794e-02,5.265169943055478426e-03,9.774450031243917404e-05,3.320891683239963164e-03
3.500099999999999909e+03,6.796765258035837309e-01,1.141916526880820665e-04,6.751927910957566947e-01,2.227050139605409040e-02,-1.466500323623670860e-04,2.100993131816447992e-02,5.329730932574131171e-03,7.511891597657149606e-05,3.480334811873604661e-03
3.600099999999999909e+03,6.732867120244548920e-01,6.094902978947771719e-05,6.688200119549471134e-01,2.168860833232030133e-02,-4.897333966241038756e-05,2.046058075554844924e-02,5.206313255046847964e-03,-5.861680734658992738e-05,3.470486932728380700e-03
3.700099999999999909e+03,6.669623350020761343e-01,1.014475039743828488e-04,6.625541230600004994e-01,2.124906682018332452e-02,1.331731737793583287e-04,2.001960518102160677e-02,5.297267943454366315e-03,1.179321848077889131e-04,3.158973357015528068e-03
3.800099999999999909e+03,6.607655670966694483e-01,4.889214427444537600e-05,6.564247269628099568e-01,2.077404272272249941e-02,1.520298575588350913e-04,1.968286416985539494e-02,5.318685918453048937e-03,-1.389043815291990863e-05,3.366561186956121277e-03
3.900099999999999909e+03,6.546911846149900960e-01,4.796802797741494601e-05,6.503074163201680857e-01,2.050991207927407509e-02,2.171818280218108118e-05,1.940230824576003044e-02,5.316320050660655605e-03,9.489997800223929345e-05,3.433517811142858690e-03
4.000099999999999909e+03,6.486419961227538611e-01,-5.494336130510740670e-05,6.443291017413668165e-01,2.021838544188248737e-02,-6.833342810671092708e-05,1.905624024466304536e-02,5.457066170426425576e-03,3.113950112349471184e-05,3.380106079718089677e-03
4.100100000000000364e+03,6.427246069740129020e-01,-1.493791168241155338e-05,6.384557267857993157e-01,1.988567355765044620e-02,-2.741970023688630715e-05,1.870316996886420280e-02,5.454850818951723079e-03,-3.339682938379614206e-05,3.250937710263965882e-03
4.200100000000000364e+03,6.368723998863998759e-01,-1.784090860178467386e-06,6.326163569699343459e-01,1.964339259606189339e-02,-9.940100031921679979e-05,1.845318644115878301e-02,5.455098379310856400e-03,-4.661639129459737310e-05,3.392496800428850857e-03
4.300100000000000364e+03,6.310695275747124633e-01,3.835152036566952575e-05,6.268564115533893366e-01,1.942558865983328234e-02,1.215795782100242490e-04,1.820266338589667660e-02,5.346676882605271713e-03,-4.814440534398098761e-05,3.369336492417749056e-03
4.400100000000000364e+03,6.253954325550390436e-01,-1.476247242404493589e-04,6.212034387060278995e-01,1.916181537479162353e-02,7.491215910157310645e-05,1.802759072037554353e-02,5.461404249374400034e-03,8.037213978502548276e-05,3.244394651842863811e-03
4.500100000000000364e+03,6.198032534855243414e-01,-1.816039536798741828e-04,6.156281564746567403e-01,1.889008838356363851e-02,-7.147966756635542316e-05,1.793406225768486711e-02,5.331689023375877322e-03,-2.510151759117025712e-04,3.296213186121521067e-03
4.600100000000000364e+03,6.142473813677878924e-01,-3.738073343479478814e-05,6.100824688469828061e-01,1.876916271451931420e-02,8.826148707813455385e-05,1.761476304054982248e-02,5.333854992948469827e-03,1.656041433509057397e-04,3.675938339782077596e-03
4.700100000000000364e+03,6.087992827346955238e-01,1.037471376484269258e-04,6.046625633999068716e-01,1.857201720373629489e-02,-3.677292043518466718e-05,1.752765429181749740e-02,5.294952141883377782e-03,-1.562828893124118708e-04,3.411664065981455992e-03
4.800100000000000364e+03,6.034136955826916449e-01,1.056669518048978243e-04,5.993450498135362015e-01,1.824205517180453248e-02,-3.301779318711901915e-05,1.739812487123346130e-02,5.530017416238346660e-03,1.527064637345037709e-04,3.419148480521377355e-03
4.900100000000000364e+03,5.981572068042266821e-01,1.417096578026693173e-05,5.940783128351746489e-01,1.822542928426548400e-02,9.397987576491479995e-05,1.744532482124349845e-02,5.577730944467902685e-03,5.113897296510220083e-05,3.540487839786669606e-03
5.000100000000000364e+03,5.928901182484523913e-01,2.998462095498728510e-05,5.889294141042881181e-01,1.805527990405635802e-02,-1.450117610939952932e-04,1.717982353876384982e-02,5.590914893965211532e-03,-1.813074982434930983e-05,3.523050910683341464e-03
5.100100000000000364e+03,5.876906026850483578e-01,-3.804090471838814590e-05,5.838526820393599159e-01,1.804529315134167922e-02,-7.264140331028937862e-05,1.714005690875534949e-02,5.615374356239492999e-03,6.721267285575590038e-05,3.444266234599633204e-03
5.200100000000000364e+03,5.826514640817828106e-01,5.490132269306348839e-05,5.787859323474864315e-01,1.790723181029583305e-02,1.101714649648795862e-04,1.715653864010165119e-02,5.656908717084533668e-03,3.867920470742141752e-05,3.370811602465374496e-03
5.300100000000000364e+03,5.775956443593355250e-01,-1.117671541041289420e-04,5.738108295153819816e-01,1.784312139192492652e-02,-9.569760516650654893e-05,1.702078159059532483e-02,5.636784540346581433e-03,1.012188239998306405e-04,3.503258822100813619e-03
5.400100000000000364e+03,5.726167137687776520e-01,-5.205610912948937322e-06,5.688500155087429233e-01,1.783719597717042804e-02,-4.480696246071351469e-05,1.710644285642370574e-02,5.665600437382093887e-03,1.465872494128197677e-04,3.391986917257310517e-03
5.500100000000000364e+03,5.677348027470693337e-01,1.427396417945394865e-04,5.640757332566848081e-01,1.775844204076097027e-02,-1.577518500610657287e-04,1.697278339892086679e-02,5.522770106245773226e-03,1.780094873760175442e-05,3.405542079521458113e-03
5.600100000000000364e+03,5.629191676096851893e-01,1.492918743995801578e-04,5.592738503642042946e-01,1.773752046442068561e-02,3.582600462800724549e-05,1.695096722398221900e-02,5.785373567005210049e-03,-2.932295322429405513e-05,3.559285132678205801e-03
5.700100000000000364e+03,5.581472461477774427e-01,1.955555569357439764e-04,5.545475796335932461e-01,1.776271251429160924e-02,-6.731457817911489557e-05,1.685560229441260618e-02,5.624541102509629520e-03,1.399261513665667840e-04,3.402345603688185140e-03
5.800100000000000364e+03,5.534649535983867663e-01,9.189744550649052196e-05,5.499069000236106453e-01,1.770651127442171568e-02,-8.478177940177250549e-05,1.682609585368961477e-02,5.654876029362806977e-03,-1.269561382037598331e-04,3.703115471293819821e-03
5.900100000000000364e+03,5.488718481039982500e-01,-4.333053124594242597e-05,5.453106700541963114e-01,1.763610830689775130e-02,-4.573573420207790168e-06,1.666834507393537626e-02,5.531221945404884814e-03,7.443368176002137246e-05,3.405016870937011171e-03
6.000100000000000364e+03,5.443171906945382110e-01,9.890461098436341783e-05,5.407393972256249182e-01,1.764348904087485390e-02,1.721819205959970408e-04,1.663499472261733420e-02,5.453587933830291931e-03,-8.972146397021055222e-06,3.521485952196963618e-03
6.100100000000000364e+03,5.398224619335342256e-01,1.534240960161883406e-04,5.363003870612926827e-01,1.756014917983690984e-02,7.136600398141436754e-05,1.661613762042396178e-02,5.433876588977514140e-03,8.038433188088069581e-05,3.474156438454539548e-03
6.200100000000000364e+03,5.353727605980002080e-01,-2.359703839191011870e-05,5.318851658172931707e-01,1.752482314873759703e-02,3.512516708202575002e-06,1.658381658466383940e-02,5.446047447975020661e-03,1.474896672663978401e-04,3.597492883746956135e-03
6.300100000000000364e+03,5.310293128529233186e-01,-3.806858220215402242e-05,5.275165124899552360e-01,1.765378144631071788e-02,1.955594543443102645e-04,1.658768320755204043e-02,5.638520890800301742e-03,-1.428044275901445357e-04,3.699431488726524948e-03
6.400100000000000364e+03,5.267412800680203455e-01,-8.534752634593834562e-05,5.232238651499755422e-01,1.756523943816547598e-02,-8.805779267077653845e-05,1.667739848231064581e-02,5.584905342832027775e-03,2.699326672916448088e-04,3.658160839547954304e-03
6.500100000000000364e+03,5.224781196528557325e-01,5.972373547760412960e-05,5.189762481928570370e-01,1.753668159485088918e-02,-7.844238508405115926e-05,1.661064038709470989e-02,5.622070738888517057e-03,3.643215646569144303e-05,3.494513707314563129e-03
6.600100000000000364e+03,5.182516598948107012e-01,1.255053596154585447e-04,5.148223932924402835e-01,1.757499204076479540e-02,1.450153233763394253e-04,1.658654122829275601e-02,5.787123621753367461e-03,-1.704485185881471072e-05,3.480199300202282530e-03
6.700100000000000364e+03,5.141018723523639311e-01,-6.461432342060382744e-06,5.106967115254213985e-01,1.741876290787304146e-02,-3.516840660567395487e-05,1.661275887608406471e-02,5.732843056371145218e-03,-4.453733781035234049e-05,3.564700723955789921e-03
6.800100000000000364e+03,5.100345162989179393e-01,-1.053660551189841184e-04,5.066528321550187730e-01,1.742349349513503537e-02,2.422330887920100128e-06,1.654521440413170286e-02,5.752066855779786568e-03,-5.743979287167847196e-05,3.518499577151429532e-03
6.900100000000000364e+03,5.059814141612278826e-01,-1.438149357671451975e-04,5.026611955473470061e-01,1.734359917402505252e-02,1.887874878346246319e-04,1.650191402988060441e-02,5.767372671415843706e-03,4.389977785230933212e-05,3.608982307858635882e-03
7.000100000000000364e+03,5.019553472417513929e-01,-4.609740352655981215e-05,4.987423362114907222e-01,1.729207589580825447e-02,6.881890688881034943e-05,1.651036868229424984e-02,5.553813186702062990e-03,8.580116556934382608e-05,3.643463915824189485e-03
7.100100000000000364e+03,4.980009720709877574e-01,-1.516007161275141803e-05,4.948370051258567659e-01,1.721909345563506916e-02,1.508410469419305415e-04,1.637532053710601815e-02,5.720229917561999756e-03,-3.828805211449187029e-05,3.606494447171449194e-03
7.200100000000000364e+03,4.941643251485356436e-01,-1.886752538954156698e-04,4.909799966815031058e-01,1.728584166523623386e-02,2.153500832528797520e-05,1.658976706861015060e-02,5.592556657432768211e-03,-1.695858655100622849e-04,3.565165612911414678e-03
7.300100000000000364e+03,4.903101081958322061e-01,-2.633532043825875389e-04,4.871501695123959252e-01,1.738003639358461083e-02,-2.314053507702243200e-04,1.643150901607628306e-02,5.608867845131213295e-03,-2.553003388500863755e-05,3.489515900962968185e-03
7.400100000000000364e+03,4.865301461801813665e-01,8.315992252255505895e-05,4.834167690907972825e-01,1.733018037503263747e-02,1.810876788205512523e-05,1.639932602007986018e-02,5.600034175179707807e-03,-7.512157435581845433e-05,3.528040810972305017e-03
7.500100000000000364e+03,4.827937783961381846e-01,1.820696329458677094e-04,4.797045182773376215e-01,1.740213447552476853e-02,-7.965366820240061510e-05,1.646411391142824782e-02,5.702155418351999294e-03,9.434763123442360103e-05,3.589263651476090611e-03
7.600100000000000364e+03,4.790925141109712015e-01,8.264512893724917540e-05,4.760685970915469190e-01,1.741997822598564255e-02,4.686889783492711808e-05,1.652022765468432255e-02,5.625096624779364965e-03,-2.712176289469739988e-05,3.442225478337921935e-03
7.700100000000000364e+03,4.754649785617286462e-01,-1.492461907803612224e-04,4.724487588889330625e-01,1.727764186276910599e-02,7.830428863516066820e-05,1.644804553973078926e-02,5.637207235487080338e-03,2.698938503355463264e-05,3.571836388327781064e-03
7.800100000000000364e+03,4.718747646219231817e-01,-1.413148471901691148e-04,4.688478653548471820e-01,1.728396161746303256e-02,-1.330021148360642806e-04,1.636836026954345547e-02,5.654804506666333275e-03,1.499447883700672667e-05,3.564896249010574870e-03
7.900100000000000364e+03,4.683360617502799750e-01,-8.140377762301263310e-05,4.653270833567398901e-01,1.741107160894586614e-02,-8.903730226802927241e-06,1.645337903477644970e-02,5.782733976639998878e-03,5.582477306437995282e-05,3.470337778570573451e-03
8.000100000000000364e+03,4.648037917869920488e-01,7.547180124107424437e-05,4.618716631845503628e-01,1.734588863576701223e-02,-1.119088403139096252e-05,1.641599844883981363e-02,5.736680868339930420e-03,-7.263520447270798287e-05,3.424340283358937552e-03
8.100100000000000364e+03,4.613476144991286998e-01,-3.730160956539249335e-05,4.584449887472630270e-01,1.730784669958184557e-02,1.032861126241672081e-04,1.638997481361226249e-02,5.847085966360083230e-03,1.623815973882992720e-05,3.646387545933189780e-03
8.200100000000000364e+03,4.579494064406701148e-01,-2.761237300811150217e-05,4.550622181388189191e-01,1.740132141238218133e-02,-6.459408775639847360e-05,1.638586922497897724e-02,5.700647256228330746e-03,9.281704052800875376e-05,3.684960202809554452e-03
8.300100000000000364e+03,4.545501298899223275e-01,1.200272863514210579e-04,4.516815289713531634e-01,1.741654432858852353e-02,-1.510393754816344747e-04,1.639320722748610973e-02,5.647637848913477331e-03,7.761609168257591605e-05,3.665065402372796877e-03
8.400100000000000364e+03,4.512408342687885821e-01,-2.082681945426724773e-04,4.483760523450869284e-01,1.737023761113238446e-02,-1.032687617294830257e-04,1.642832218151360144e-02,5.540429644656229800e-03,1.050286031834215975e-04,3.378062599770246307e-03
8.500100000000000364e+03,4.479342747508390787e-01,-2.410188921229655234e-04,4.451143650914506367e-01,1.743597982841678731e-02,3.519160360041962842e-05,1.651933422812980334e-02,5.815820833684105448e-03,3.679863273506039364e-05,3.333305718503001402e-03
8.600100000000000364e+03,4.447456186188500360e-01,-3.222386739440287175e-05,4.418878278184932284e-01,1.748224582586151502e-02,9.067011355045142846e-05,1.651613998541395789e-02,5.903473329900633081e-03,4.350780356189284991e-05,3.455245300162015486e-03
8.700100000000000364e+03,4.415033917200444358e-01,-2.355628031674694136e-04,4.387350514849639449e-01,1.746793689542449832e-02,-1.464124662656354970e-05,1.642682695224361930e-02,5.841359946238420912e-03,-7.250654290688562616e-05,3.684393551180186778e-03
8.800100000000000364e+03,4.383757026592722816e-01,-1.159792074353680315e-04,4.355940243419579860e-01,1.749413299585518902e-02,7.256042931203787456e-05,1.657010968391005312e-02,5.853210471861726959e-03,1.841516595979040389e-04,3.584750887509313266e-03
8.900100000000000364e+03,4.352571325311897499e-01,-6.920115089971887157e-05,4.325155324743054641e-01,1.752408985014961701e-02,-7.675558452055543141e-05,1.660195838455177236e-02,5.781622517082392679e-03,-7.382619570646333125e-05,3.680011898401220564e-03
9.000100000000000364e+03,4.321886150513885583e-01,4.385945560415439404e-05,4.294149417740759089e-01,1.747841882738040975e-02,1.104597384390106336e-05,1.663304990906881026e-02,5.762274517770627109e-03,2.598474236549245040e-05,3.739547660728817328e-03
9.100100000000000364e+03,4.291581408801647401e-01,7.892282162130846539e-05,4.264373226286839458e-01,1.752331697465022570e-02,1.267104102742993817e-04,1.655460914670201997e-02,6.079425344389610859e-03,4.797839468192596974e-05,3.609959254226328615e-03
9.200100000000000364e+03,4.262213646990669624e-01,-1.036822100793329725e-04,4.234318478836869293e-01,1.740243918417849062e-02,4.154994199996996925e-05,1.664150159057256606e-02,5.877248561835746177e-03,1.433753444807643910e-04,3.729813311814128562e-03
9.300100000000000364e+03,4.232412716647496742e-01,-7.532428556585987127e-05,4.205123616806374920e-01,1.744335041263225111e-02,-1.787159778225659584e-05,1.656322278887556801e-02,5.781584168462469871e-03,5.707890718460030641e-05,3.483716018066577297e-03
9.400100000000000364e+03,4.203135648778659750e-01,-2.902490447024217354e-05,4.176425679715422556e-01,1.741650972894509541e-02,-3.602419502683502640e-05,1.662945302911890411e-02,5.749016439942711623e-03,2.224423877138090517e-04,3.632627483867134112e-03
9.500100000000000364e+03,4.174665795107693200e-01,-5.793465098504273859e-05,4.147233398712939501e-01,1.736766583977326917e-02,-6.153400114420195870e-05,1.663650350431333108e-02,5.953436403079255188e-03,5.434657420378603853e-05,3.652186430833094435e-03
9.600100000000000364e+03,4.146225700595145280e-01,1.850774379899715653e-05,4.119033417871910130e-01,1.738480575699947669e-02,-9.189413143857844374e-05,1.656652783842203422e-02,5.912778906876585590e-03,-1.458198661516359499e-04,3.554895448704058041e-03
9.700100000000000364e+03,4.117810329578163175e-01,1.943409367308896732e-04,4.091110933013982764e-01,1.737667086330398417e-02,-1.217362667919271612e-04,1.653481374080411834e-02,5.697543476803316673e-03,4.096938738995151803e-05,3.773576475900894053e-03
9.800100000000000364e+03,4.090298626373363167e-01,1.359750084568227648e-04,4.063680090627107555e-01,1.735035309945819754e-02,1.237157305623347695e-05,1.660215044362183673e-02,5.943421090465721666e-03,1.575664971617690170e-04,3.583280370596479171e-03
9.900100000000000364e+03,4.062724408426244271e-01,-1.029027835452364366e-04,4.036648208846874142e-01,1.737103986254913759e-02,-2.988812200972558439e-05,1.663277253159088989e-02,5.830717763023014581e-03,4.299792969316299163e-05,3.773009958676641021e-03
1.000010000000000036e+04,4.035165946766491318e-01,5.662694375893512650e-05,4.009490498156130234e-01,1.730932700668455504e-02,1.527619803414190019e-04,1.672052073154181237e-02,5.854413623215684939e-03,-5.203188724397752370e-05,3.888079863068266608e-03
