time,alpha=0.0,alpha=0.5,alpha=1.0
0.000000000000000000e+00,9.997110000000000163e-01,1.000799999999999912e+00,1.001489999999999991e+00
1.000000000000000056e-01,9.996509999999999563e-01,1.000780000000000003e+00,1.001430000000000042e+00
2.000000000000000111e-01,9.994750000000000023e-01,1.000690000000000079e+00,1.001249999999999973e+00
2.999999999999999889e-01,9.991860000000000186e-01,1.000539999999999985e+00,1.000960000000000072e+00
4.000000000000000222e-01,9.987899999999999556e-01,1.000340000000000007e+00,1.000559999999999894e+00
5.000000000000000000e-01,9.982929999999999859e-01,1.000080000000000080e+00,1.000059999999999949e+00
5.999999999999999778e-01,9.977070000000000105e-01,9.997740000000000515e-01,9.994520000000000071e-01
6.999999999999999556e-01,9.970400000000000373e-01,9.994239999999999791e-01,9.987610000000000099e-01
8.000000000000000444e-01,9.963049999999999962e-01,9.990350000000000064e-01,9.979909999999999615e-01
9.000000000000000222e-01,9.955140000000000100e-01,9.986140000000000017e-01,9.971510000000000096e-01
1.000000000000000000e+00,9.946800000000000086e-01,9.981670000000000265e-01,9.962530000000000552e-01
1.100000000000000089e+00,9.938129999999999464e-01,9.976990000000000025e-01,9.953070000000000528e-01
1.199999999999999956e+00,9.929249999999999465e-01,9.972159999999999913e-01,9.943250000000000144e-01
1.300000000000000044e+00,9.920280000000000209e-01,9.967249999999999721e-01,9.933149999999999480e-01
1.399999999999999911e+00,9.911299999999999555e-01,9.962290000000000312e-01,9.922900000000000054e-01
1.500000000000000000e+00,9.902389999999999803e-01,9.957340000000000080e-01,9.912560000000000260e-01
1.600000000000000089e+00,9.893629999999999924e-01,9.952429999999999888e-01,9.902239999999999931e-01
1.699999999999999956e+00,9.885070000000000245e-01,9.947589999999999488e-01,9.891990000000000505e-01
1.800000000000000044e+00,9.876759999999999984e-01,9.942860000000000031e-01,9.881900000000000128e-01
1.899999999999999911e+00,9.868710000000000537e-01,9.938240000000000407e-01,9.872009999999999952e-01
2.000000000000000000e+00,9.860959999999999726e-01,9.933760000000000367e-01,9.862370000000000303e-01
2.100000000000000089e+00,9.853509999999999769e-01,9.929419999999999913e-01,9.853009999999999824e-01
2.200000000000000178e+00,9.846359999999999557e-01,9.925230000000000441e-01,9.843960000000000488e-01
2.299999999999999822e+00,9.839510000000000201e-01,9.921189999999999731e-01,9.835230000000000361e-01
2.399999999999999911e+00,9.832940000000000014e-01,9.917300000000000004e-01,9.826840000000000019e-01
2.500000000000000000e+00,9.826650000000000107e-01,9.913549999999999862e-01,9.818780000000000285e-01
2.600000000000000089e+00,9.820630000000000193e-01,9.909940000000000415e-01,9.811060000000000336e-01
2.700000000000000178e+00,9.814840000000000231e-01,9.906470000000000553e-01,9.803669999999999884e-01
2.799999999999999822e+00,9.809290000000000509e-01,9.903119999999999701e-01,9.796589999999999465e-01
2.899999999999999911e+00,9.803950000000000164e-01,9.899890000000000079e-01,9.789820000000000189e-01
3.000000000000000000e+00,9.798810000000000020e-01,9.896770000000000289e-01,9.783349999999999547e-01
3.100000000000000089e+00,9.793859999999999788e-01,9.893760000000000332e-01,9.777150000000000007e-01
3.200000000000000178e+00,9.789080000000000004e-01,9.890839999999999632e-01,9.771220000000000461e-01
3.299999999999999822e+00,9.784469999999999557e-01,9.888029999999999875e-01,9.765530000000000044e-01
3.399999999999999911e+00,9.780020000000000380e-01,9.885300000000000198e-01,9.760079999999999867e-01
3.500000000000000000e+00,9.775709999999999678e-01,9.882659999999999778e-01,9.754840000000000177e-01
3.600000000000000089e+00,9.771549999999999958e-01,9.880100000000000549e-01,9.749809999999999865e-01
3.700000000000000178e+00,9.767519999999999536e-01,9.877620000000000289e-01,9.744979999999999754e-01
3.799999999999999822e+00,9.763629999999999809e-01,9.875220000000000109e-01,9.740330000000000377e-01
3.899999999999999911e+00,9.759860000000000202e-01,9.872889999999999722e-01,9.735859999999999514e-01
4.000000000000000000e+00,9.756209999999999605e-01,9.870630000000000237e-01,9.731549999999999923e-01
4.099999999999999645e+00,9.752680000000000238e-01,9.868440000000000545e-01,9.727400000000000491e-01
4.200000000000000178e+00,9.749269999999999881e-01,9.866319999999999535e-01,9.723389999999999533e-01
4.299999999999999822e+00,9.745960000000000178e-01,9.864260000000000250e-01,9.719539999999999846e-01
4.400000000000000355e+00,9.742750000000000021e-01,9.862269999999999648e-01,9.715829999999999744e-01
4.500000000000000000e+00,9.739640000000000519e-01,9.860339999999999661e-01,9.712250000000000050e-01
4.599999999999999645e+00,9.736609999999999987e-01,9.858470000000000288e-01,9.708809999999999940e-01
4.700000000000000178e+00,9.733680000000000110e-01,9.856650000000000134e-01,9.705500000000000238e-01
4.799999999999999822e+00,9.730820000000000025e-01,9.854899999999999771e-01,9.702330000000000121e-01
4.900000000000000355e+00,9.728029999999999733e-01,9.853199999999999736e-01,9.699290000000000411e-01
5.000000000000000000e+00,9.725310000000000343e-01,9.851550000000000029e-01,9.696390000000000287e-01
5.099999999999999645e+00,9.722650000000000459e-01,9.849959999999999827e-01,9.693629999999999747e-01
5.200000000000000178e+00,9.720050000000000079e-01,9.848430000000000240e-01,9.691020000000000190e-01
5.299999999999999822e+00,9.717510000000000314e-01,9.846949999999999870e-01,9.688539999999999930e-01
5.400000000000000355e+00,9.715030000000000054e-01,9.845519999999999827e-01,9.686230000000000118e-01
5.500000000000000000e+00,9.712600000000000122e-01,9.844150000000000400e-01,9.684059999999999890e-01
5.599999999999999645e+00,9.710220000000000518e-01,9.842840000000000478e-01,9.682060000000000111e-01
5.700000000000000178e+00,9.707909999999999595e-01,9.841569999999999485e-01,9.680229999999999668e-01
5.799999999999999822e+00,9.705660000000000398e-01,9.840370000000000505e-01,9.678560000000000496e-01
5.900000000000000355e+00,9.703469999999999596e-01,9.839210000000000456e-01,9.677069999999999839e-01
6.000000000000000000e+00,9.701340000000000519e-01,9.838109999999999911e-01,9.675740000000000451e-01
6.099999999999999645e+00,9.699290000000000411e-01,9.837069999999999981e-01,9.674589999999999579e-01
6.200000000000000178e+00,9.697310000000000096e-01,9.836080000000000378e-01,9.673610000000000264e-01
6.299999999999999822e+00,9.695399999999999574e-01,9.835150000000000281e-01,9.672789999999999999e-01
6.400000000000000355e+00,9.693580000000000529e-01,9.834270000000000511e-01,9.672129999999999894e-01
6.500000000000000000e+00,9.691830000000000167e-01,9.833450000000000246e-01,9.671619999999999662e-01
6.599999999999999645e+00,9.690170000000000172e-01,9.832689999999999486e-01,9.671260000000000412e-01
6.700000000000000178e+00,9.688590000000000257e-01,9.831980000000000164e-01,9.671030000000000459e-01
6.799999999999999822e+00,9.687090000000000423e-01,9.831320000000000059e-01,9.670919999999999517e-01
6.900000000000000355e+00,9.685669999999999558e-01,9.830710000000000282e-01,9.670919999999999517e-01
7.000000000000000000e+00,9.684319999999999595e-01,9.830160000000000009e-01,9.671009999999999884e-01
7.099999999999999645e+00,9.683049999999999713e-01,9.829649999999999777e-01,9.671180000000000332e-01
7.200000000000000178e+00,9.681840000000000446e-01,9.829189999999999872e-01,9.671419999999999462e-01
7.299999999999999822e+00,9.680689999999999573e-01,9.828759999999999719e-01,9.671699999999999742e-01
7.400000000000000355e+00,9.679600000000000426e-01,9.828379999999999894e-01,9.672009999999999774e-01
7.500000000000000000e+00,9.678560000000000496e-01,9.828019999999999534e-01,9.672349999999999559e-01
7.599999999999999645e+00,9.677559999999999496e-01,9.827690000000000037e-01,9.672690000000000454e-01
7.700000000000000178e+00,9.676590000000000469e-01,9.827380000000000004e-01,9.673019999999999952e-01
7.799999999999999822e+00,9.675650000000000084e-01,9.827080000000000259e-01,9.673340000000000272e-01
7.900000000000000355e+00,9.674739999999999451e-01,9.826789999999999692e-01,9.673640000000000017e-01
8.000000000000000000e+00,9.673840000000000217e-01,9.826500000000000234e-01,9.673899999999999721e-01
8.099999999999999645e+00,9.672950000000000159e-01,9.826200000000000490e-01,9.674129999999999674e-01
8.199999999999999289e+00,9.672070000000000389e-01,9.825899999999999634e-01,9.674310000000000409e-01
8.300000000000000711e+00,9.671199999999999797e-01,9.825589999999999602e-01,9.674449999999999994e-01
8.400000000000000355e+00,9.670330000000000314e-01,9.825260000000000105e-01,9.674549999999999539e-01
8.500000000000000000e+00,9.669470000000000010e-01,9.824899999999999745e-01,9.674599999999999866e-01
8.599999999999999645e+00,9.668609999999999705e-01,9.824530000000000207e-01,9.674599999999999866e-01
8.699999999999999289e+00,9.667750000000000510e-01,9.824140000000000095e-01,9.674549999999999539e-01
8.800000000000000711e+00,9.666900000000000492e-01,9.823720000000000230e-01,9.674469999999999459e-01
8.900000000000000355e+00,9.666059999999999652e-01,9.823279999999999790e-01,9.674340000000000162e-01
9.000000000000000000e+00,9.665230000000000210e-01,9.822819999999999885e-01,9.674169999999999714e-01
9.099999999999999645e+00,9.664409999999999945e-01,9.822340000000000515e-01,9.673969999999999514e-01
1.009999999999999964e+01,9.656989999999999741e-01,9.816709999999999603e-01,9.669569999999999554e-01
1.109999999999999964e+01,9.649140000000000494e-01,9.809790000000000454e-01,9.660999999999999588e-01
1.209999999999999964e+01,9.640060000000000295e-01,9.803699999999999637e-01,9.653880000000000239e-01
1.309999999999999964e+01,9.634899999999999576e-01,9.800290000000000390e-01,9.652530000000000276e-01
1.409999999999999964e+01,9.632199999999999651e-01,9.796820000000000528e-01,9.651049999999999907e-01
1.509999999999999964e+01,9.625989999999999824e-01,9.791260000000000518e-01,9.643300000000000205e-01
1.610000000000000142e+01,9.615629999999999455e-01,9.783870000000000067e-01,9.630630000000000024e-01
1.710000000000000142e+01,9.608259999999999579e-01,9.777059999999999640e-01,9.618419999999999748e-01
1.810000000000000142e+01,9.603169999999999762e-01,9.771959999999999535e-01,9.610309999999999686e-01
1.910000000000000142e+01,9.595299999999999940e-01,9.765709999999999669e-01,9.604430000000000467e-01
2.010000000000000142e+01,9.585879999999999956e-01,9.759499999999999842e-01,9.598799999999999555e-01
2.110000000000000142e+01,9.577189999999999870e-01,9.754620000000000513e-01,9.593990000000000018e-01
2.210000000000000142e+01,9.566649999999999876e-01,9.748480000000000478e-01,9.589459999999999651e-01
2.310000000000000142e+01,9.559450000000000447e-01,9.742779999999999774e-01,9.585909999999999709e-01
2.410000000000000142e+01,9.557689999999999797e-01,9.739640000000000519e-01,9.584610000000000074e-01
2.510000000000000142e+01,9.556999999999999940e-01,9.737540000000000084e-01,9.585310000000000219e-01
2.610000000000000142e+01,9.554869999999999752e-01,9.734439999999999760e-01,9.585150000000000059e-01
2.710000000000000142e+01,9.547390000000000043e-01,9.729940000000000255e-01,9.581060000000000132e-01
2.810000000000000142e+01,9.540070000000000494e-01,9.725719999999999921e-01,9.574500000000000233e-01
2.910000000000000142e+01,9.535789999999999544e-01,9.721840000000000481e-01,9.566930000000000156e-01
3.010000000000000142e+01,9.530499999999999527e-01,9.716639999999999722e-01,9.558769999999999767e-01
3.110000000000000142e+01,9.524000000000000243e-01,9.710959999999999592e-01,9.550159999999999760e-01
3.210000000000000142e+01,9.517630000000000257e-01,9.706059999999999688e-01,9.542009999999999659e-01
3.310000000000000142e+01,9.511190000000000477e-01,9.701750000000000096e-01,9.536090000000000400e-01
3.410000000000000142e+01,9.505599999999999605e-01,9.697609999999999841e-01,9.531140000000000168e-01
3.510000000000000142e+01,9.501530000000000253e-01,9.694220000000000059e-01,9.525820000000000398e-01
3.610000000000000142e+01,9.497139999999999471e-01,9.690450000000000452e-01,9.519729999999999581e-01
3.710000000000000142e+01,9.492089999999999694e-01,9.685350000000000348e-01,9.513279999999999514e-01
3.810000000000000142e+01,9.487250000000000405e-01,9.679950000000000498e-01,9.507109999999999728e-01
3.910000000000000142e+01,9.482899999999999663e-01,9.675110000000000099e-01,9.500979999999999981e-01
4.010000000000000142e+01,9.478790000000000271e-01,9.670800000000000507e-01,9.495190000000000019e-01
4.110000000000000142e+01,9.475240000000000329e-01,9.667050000000000365e-01,9.490950000000000220e-01
4.210000000000000142e+01,9.471220000000000194e-01,9.663209999999999855e-01,9.487569999999999615e-01
4.310000000000000142e+01,9.466200000000000170e-01,9.659419999999999673e-01,9.483620000000000383e-01
4.410000000000000142e+01,9.462019999999999875e-01,9.655820000000000514e-01,9.478999999999999648e-01
4.510000000000000142e+01,9.458020000000000316e-01,9.652230000000000532e-01,9.473939999999999584e-01
4.610000000000000142e+01,9.453970000000000429e-01,9.648480000000000389e-01,9.469450000000000367e-01
4.710000000000000142e+01,9.450220000000000287e-01,9.644749999999999712e-01,9.464780000000000415e-01
4.810000000000000142e+01,9.446219999999999617e-01,9.641049999999999898e-01,9.460619999999999585e-01
4.910000000000000142e+01,9.441730000000000400e-01,9.637470000000000203e-01,9.457349999999999923e-01
5.010000000000000142e+01,9.438419999999999588e-01,9.634489999999999998e-01,9.453799999999999981e-01
5.110000000000000142e+01,9.435499999999999998e-01,9.631640000000000201e-01,9.450619999999999576e-01
5.210000000000000142e+01,9.432019999999999849e-01,9.627879999999999772e-01,9.447269999999999834e-01
5.310000000000000142e+01,9.427799999999999514e-01,9.623990000000000045e-01,9.443589999999999485e-01
5.410000000000000142e+01,9.423810000000000242e-01,9.620300000000000518e-01,9.439600000000000213e-01
5.510000000000000142e+01,9.419910000000000228e-01,9.616160000000000263e-01,9.435489999999999711e-01
5.610000000000000142e+01,9.415229999999999988e-01,9.611640000000000184e-01,9.431950000000000056e-01
5.710000000000000142e+01,9.410530000000000284e-01,9.607040000000000024e-01,9.428950000000000387e-01
5.810000000000000142e+01,9.407250000000000334e-01,9.602969999999999562e-01,9.424989999999999757e-01
5.910000000000000142e+01,9.404719999999999747e-01,9.599370000000000402e-01,9.419950000000000268e-01
6.010000000000000142e+01,9.401610000000000245e-01,9.595740000000000380e-01,9.414569999999999883e-01
6.110000000000000142e+01,9.398729999999999585e-01,9.591990000000000238e-01,9.409650000000000514e-01
6.210000000000000142e+01,9.394970000000000265e-01,9.588410000000000544e-01,9.405529999999999724e-01
6.310000000000000142e+01,9.391080000000000538e-01,9.584139999999999882e-01,9.401469999999999549e-01
6.409999999999999432e+01,9.387199999999999989e-01,9.579739999999999922e-01,9.397440000000000238e-01
6.509999999999999432e+01,9.383890000000000287e-01,9.576289999999999525e-01,9.393350000000000311e-01
6.609999999999999432e+01,9.380410000000000137e-01,9.572749999999999870e-01,9.389150000000000551e-01
6.709999999999999432e+01,9.376719999999999500e-01,9.568950000000000511e-01,9.385029999999999761e-01
6.809999999999999432e+01,9.372920000000000140e-01,9.565989999999999771e-01,9.380899999999999794e-01
6.909999999999999432e+01,9.368830000000000213e-01,9.562669999999999781e-01,9.377159999999999940e-01
7.009999999999999432e+01,9.365599999999999481e-01,9.559149999999999592e-01,9.373209999999999598e-01
7.109999999999999432e+01,9.362270000000000314e-01,9.555949999999999722e-01,9.368459999999999566e-01
7.209999999999999432e+01,9.358859999999999957e-01,9.552399999999999780e-01,9.363860000000000516e-01
7.309999999999999432e+01,9.356179999999999497e-01,9.548630000000000173e-01,9.359950000000000214e-01
7.409999999999999432e+01,9.353470000000000395e-01,9.544589999999999463e-01,9.356259999999999577e-01
7.509999999999999432e+01,9.349260000000000348e-01,9.540429999999999744e-01,9.353089999999999460e-01
7.609999999999999432e+01,9.345200000000000173e-01,9.536510000000000264e-01,9.349690000000000500e-01
7.709999999999999432e+01,9.342000000000000304e-01,9.532950000000000035e-01,9.345639999999999503e-01
7.809999999999999432e+01,9.338469999999999827e-01,9.529539999999999678e-01,9.341549999999999576e-01
7.909999999999999432e+01,9.334280000000000355e-01,9.525670000000000526e-01,9.337790000000000257e-01
8.009999999999999432e+01,9.330549999999999677e-01,9.522329999999999961e-01,9.333630000000000537e-01
8.109999999999999432e+01,9.328130000000000033e-01,9.519170000000000131e-01,9.328650000000000553e-01
8.209999999999999432e+01,9.325250000000000483e-01,9.515179999999999749e-01,9.324440000000000506e-01
8.309999999999999432e+01,9.321949999999999958e-01,9.511110000000000397e-01,9.322009999999999463e-01
8.409999999999999432e+01,9.318410000000000304e-01,9.507719999999999505e-01,9.319579999999999531e-01
8.509999999999999432e+01,9.315069999999999739e-01,9.504190000000000138e-01,9.315670000000000339e-01
8.609999999999999432e+01,9.311789999999999790e-01,9.500450000000000284e-01,9.311139999999999972e-01
8.709999999999999432e+01,9.307830000000000270e-01,9.497120000000000006e-01,9.306940000000000213e-01
8.809999999999999432e+01,9.303690000000000015e-01,9.494169999999999554e-01,9.303550000000000431e-01
8.909999999999999432e+01,9.300779999999999603e-01,9.490349999999999620e-01,9.300289999999999946e-01
9.009999999999999432e+01,9.298100000000000254e-01,9.486029999999999740e-01,9.296729999999999716e-01
9.109999999999999432e+01,9.295099999999999474e-01,9.481680000000000108e-01,9.293230000000000102e-01
9.209999999999999432e+01,9.291209999999999747e-01,9.477520000000000389e-01,9.289250000000000007e-01
9.309999999999999432e+01,9.287300000000000555e-01,9.474040000000000239e-01,9.285309999999999953e-01
9.409999999999999432e+01,9.284080000000000110e-01,9.470480000000000009e-01,9.281690000000000218e-01
9.509999999999999432e+01,9.280840000000000201e-01,9.467219999999999525e-01,9.278119999999999701e-01
9.609999999999999432e+01,9.277290000000000258e-01,9.463709999999999622e-01,9.274350000000000094e-01
9.709999999999999432e+01,9.273080000000000211e-01,9.460309999999999553e-01,9.269960000000000422e-01
9.809999999999999432e+01,9.269490000000000229e-01,9.457229999999999803e-01,9.266290000000000360e-01
9.909999999999999432e+01,9.266849999999999810e-01,9.453749999999999654e-01,9.263019999999999587e-01
1.000999999999999943e+02,9.263850000000000140e-01,9.449929999999999719e-01,9.259610000000000340e-01
1.100999999999999943e+02,9.229770000000000474e-01,9.416510000000000158e-01,9.225970000000000004e-01
1.200999999999999943e+02,9.194780000000000175e-01,9.381239999999999579e-01,9.190279999999999561e-01
1.300999999999999943e+02,9.162230000000000096e-01,9.346750000000000336e-01,9.156450000000000422e-01
1.400999999999999943e+02,9.128830000000000000e-01,9.312329999999999774e-01,9.123160000000000158e-01
1.500999999999999943e+02,9.096640000000000281e-01,9.281909999999999883e-01,9.090249999999999719e-01
1.600999999999999943e+02,9.066189999999999527e-01,9.249730000000000452e-01,9.056279999999999886e-01
1.700999999999999943e+02,9.036180000000000323e-01,9.215520000000000378e-01,9.025699999999999834e-01
1.800999999999999943e+02,9.004349999999999854e-01,9.185039999999999871e-01,8.991409999999999680e-01
1.900999999999999943e+02,8.972780000000000200e-01,9.152390000000000247e-01,8.958399999999999697e-01
2.000999999999999943e+02,8.943480000000000318e-01,9.122259999999999813e-01,8.927800000000000180e-01
2.100999999999999943e+02,8.917770000000000419e-01,9.090679999999999872e-01,8.896870000000000056e-01
2.200999999999999943e+02,8.887080000000000535e-01,9.060850000000000293e-01,8.866140000000000132e-01
2.300999999999999943e+02,8.855790000000000051e-01,9.030730000000000146e-01,8.835389999999999633e-01
2.400999999999999943e+02,8.827530000000000099e-01,9.000690000000000079e-01,8.804309999999999636e-01
2.500999999999999943e+02,8.797420000000000240e-01,8.973769999999999802e-01,8.776570000000000205e-01
2.601000000000000227e+02,8.768780000000000463e-01,8.943459999999999743e-01,8.747660000000000435e-01
2.701000000000000227e+02,8.739019999999999566e-01,8.913849999999999829e-01,8.717219999999999969e-01
2.801000000000000227e+02,8.711039999999999894e-01,8.886119999999999575e-01,8.688449999999999784e-01
2.901000000000000227e+02,8.684309999999999530e-01,8.854899999999999993e-01,8.661609999999999587e-01
3.001000000000000227e+02,8.655929999999999458e-01,8.829489999999999839e-01,8.632549999999999946e-01
3.101000000000000227e+02,8.628770000000000051e-01,8.799439999999999484e-01,8.605469999999999509e-01
3.201000000000000227e+02,8.605239999999999556e-01,8.772149999999999670e-01,8.579229999999999912e-01
3.301000000000000227e+02,8.576430000000000442e-01,8.744300000000000406e-01,8.552530000000000410e-01
3.401000000000000227e+02,8.550410000000000510e-01,8.718120000000000314e-01,8.525270000000000348e-01
3.501000000000000227e+02,8.525460000000000260e-01,8.691050000000000164e-01,8.499729999999999785e-01
3.601000000000000227e+02,8.497599999999999598e-01,8.663490000000000357e-01,8.472800000000000331e-01
3.701000000000000227e+02,8.472509999999999764e-01,8.637890000000000290e-01,8.444850000000000412e-01
3.801000000000000227e+02,8.445939999999999559e-01,8.610809999999999853e-01,8.418729999999999825e-01
3.901000000000000227e+02,8.422119999999999607e-01,8.587360000000000548e-01,8.393260000000000165e-01
4.001000000000000227e+02,8.396919999999999940e-01,8.562579999999999636e-01,8.368759999999999533e-01
4.101000000000000227e+02,8.373559999999999892e-01,8.536019999999999719e-01,8.342380000000000351e-01
4.201000000000000227e+02,8.345820000000000460e-01,8.511539999999999662e-01,8.318809999999999816e-01
4.301000000000000227e+02,8.321929999999999605e-01,8.486329999999999707e-01,8.294920000000000071e-01
4.401000000000000227e+02,8.297109999999999763e-01,8.461440000000000072e-01,8.269429999999999836e-01
4.501000000000000227e+02,8.274989999999999846e-01,8.435080000000000355e-01,8.243869999999999809e-01
4.601000000000000227e+02,8.249370000000000314e-01,8.410769999999999635e-01,8.219309999999999672e-01
4.701000000000000227e+02,8.225529999999999786e-01,8.386090000000000488e-01,8.194979999999999487e-01
4.801000000000000227e+02,8.202059999999999906e-01,8.361709999999999976e-01,8.172509999999999497e-01
4.901000000000000227e+02,8.180699999999999639e-01,8.337930000000000064e-01,8.146349999999999980e-01
5.001000000000000227e+02,8.153510000000000479e-01,8.311370000000000147e-01,8.124270000000000103e-01
5.101000000000000227e+02,8.132850000000000357e-01,8.288940000000000197e-01,8.100829999999999975e-01
5.201000000000000227e+02,8.109669999999999934e-01,8.265959999999999974e-01,8.078830000000000178e-01
5.301000000000000227e+02,8.086510000000000087e-01,8.241079999999999517e-01,8.053350000000000231e-01
5.401000000000000227e+02,8.062179999999999902e-01,8.217109999999999692e-01,8.030530000000000168e-01
5.501000000000000227e+02,8.040159999999999529e-01,8.192709999999999715e-01,8.008300000000000418e-01
5.601000000000000227e+02,8.018979999999999997e-01,8.170570000000000332e-01,7.983949999999999658e-01
5.701000000000000227e+02,7.995609999999999662e-01,8.147410000000000485e-01,7.961789999999999701e-01
5.801000000000000227e+02,7.974400000000000377e-01,8.123730000000000118e-01,7.938110000000000444e-01
5.901000000000000227e+02,7.951380000000000114e-01,8.101589999999999625e-01,7.918070000000000386e-01
6.001000000000000227e+02,7.929929999999999479e-01,8.078440000000000065e-01,7.894290000000000473e-01
6.101000000000000227e+02,7.907760000000000344e-01,8.058239999999999847e-01,7.871719999999999828e-01
6.201000000000000227e+02,7.886809999999999654e-01,8.034909999999999553e-01,7.850890000000000368e-01
6.301000000000000227e+02,7.865339999999999554e-01,8.012510000000000465e-01,7.827950000000000186e-01
6.401000000000000227e+02,7.843280000000000252e-01,7.992160000000000375e-01,7.808169999999999833e-01
6.501000000000000227e+02,7.823900000000000299e-01,7.969570000000000265e-01,7.784470000000000001e-01
6.601000000000000227e+02,7.802620000000000111e-01,7.948490000000000277e-01,7.763849999999999918e-01
6.701000000000000227e+02,7.780559999999999699e-01,7.925630000000000175e-01,7.743769999999999820e-01
6.801000000000000227e+02,7.760629999999999473e-01,7.904799999999999605e-01,7.719890000000000363e-01
6.901000000000000227e+02,7.739780000000000548e-01,7.883050000000000335e-01,7.700540000000000163e-01
7.001000000000000227e+02,7.717079999999999496e-01,7.861219999999999875e-01,7.681200000000000250e-01
7.101000000000000227e+02,7.695109999999999451e-01,7.839859999999999607e-01,7.660630000000000495e-01
7.201000000000000227e+02,7.676819999999999755e-01,7.817840000000000344e-01,7.640109999999999957e-01
7.301000000000000227e+02,7.657270000000000465e-01,7.796939999999999982e-01,7.618310000000000359e-01
7.401000000000000227e+02,7.636039999999999495e-01,7.777519999999999989e-01,7.598279999999999479e-01
7.501000000000000227e+02,7.615640000000000187e-01,7.756779999999999786e-01,7.578030000000000044e-01
7.601000000000000227e+02,7.594229999999999592e-01,7.735600000000000254e-01,7.559489999999999821e-01
7.701000000000000227e+02,7.577249999999999819e-01,7.717720000000000136e-01,7.537909999999999888e-01
7.801000000000000227e+02,7.556319999999999704e-01,7.698260000000000103e-01,7.519120000000000248e-01
7.901000000000000227e+02,7.537019999999999831e-01,7.679249999999999687e-01,7.499580000000000135e-01
8.001000000000000227e+02,7.518479999999999608e-01,7.657289999999999930e-01,7.481529999999999569e-01
8.101000000000000227e+02,7.497989999999999933e-01,7.638089999999999602e-01,7.461130000000000262e-01
8.201000000000000227e+02,7.479090000000000460e-01,7.617639999999999967e-01,7.440930000000000044e-01
8.301000000000000227e+02,7.461710000000000287e-01,7.598059999999999814e-01,7.422009999999999996e-01
8.401000000000000227e+02,7.440900000000000292e-01,7.578660000000000396e-01,7.404410000000000158e-01
8.501000000000000227e+02,7.423440000000000039e-01,7.559169999999999501e-01,7.384650000000000380e-01
8.601000000000000227e+02,7.405819999999999625e-01,7.541809999999999903e-01,7.365270000000000428e-01
8.701000000000000227e+02,7.385490000000000110e-01,7.521919999999999717e-01,7.346789999999999710e-01
8.801000000000000227e+02,7.367970000000000352e-01,7.504410000000000247e-01,7.327890000000000237e-01
8.901000000000000227e+02,7.348820000000000352e-01,7.484669999999999934e-01,7.309269999999999934e-01
9.001000000000000227e+02,7.330240000000000089e-01,7.466669999999999696e-01,7.291029999999999456e-01
9.101000000000000227e+02,7.312689999999999468e-01,7.446920000000000206e-01,7.271999999999999575e-01
9.201000000000000227e+02,7.295120000000000493e-01,7.427880000000000038e-01,7.255719999999999947e-01
9.301000000000000227e+02,7.275249999999999773e-01,7.411069999999999602e-01,7.237130000000000507e-01
9.401000000000000227e+02,7.258059999999999512e-01,7.393060000000000187e-01,7.218809999999999949e-01
9.501000000000000227e+02,7.238980000000000414e-01,7.374140000000000139e-01,7.202699999999999658e-01
9.601000000000000227e+02,7.220820000000000016e-01,7.354570000000000274e-01,7.185240000000000515e-01
9.701000000000000227e+02,7.205409999999999870e-01,7.338409999999999656e-01,7.167510000000000270e-01
9.801000000000000227e+02,7.185390000000000388e-01,7.318930000000000158e-01,7.149799999999999489e-01
9.901000000000000227e+02,7.169079999999999897e-01,7.301149999999999585e-01,7.132760000000000211e-01
1.000100000000000023e+03,7.152190000000000492e-01,7.283929999999999572e-01,7.114470000000000516e-01
1.100099999999999909e+03,6.987240000000000117e-01,7.112410000000000121e-01,6.949020000000000197e-01
1.200099999999999909e+03,6.826360000000000205e-01,6.947780000000000067e-01,6.791740000000000554e-01
1.300099999999999909e+03,6.677880000000000482e-01,6.794160000000000199e-01,6.638870000000000049e-01
1.400099999999999909e+03,6.531270000000000131e-01,6.650000000000000355e-01,6.498810000000000420e-01
1.500099999999999909e+03,6.399629999999999486e-01,6.509970000000000478e-01,6.359430000000000360e-01
1.600099999999999909e+03,6.270270000000000010e-01,6.377049999999999663e-01,6.227200000000000513e-01
1.700099999999999909e+03,6.145110000000000294e-01,6.253520000000000190e-01,6.106270000000000309e-01
1.800099999999999909e+03,6.029489999999999572e-01,6.130900000000000238e-01,5.990550000000000042e-01
1.900099999999999909e+03,5.918710000000000360e-01,6.017890000000000184e-01,5.882290000000000019e-01
2.000099999999999909e+03,5.812089999999999756e-01,5.910779999999999923e-01,5.776310000000000056e-01
2.100099999999999909e+03,5.711880000000000290e-01,5.809220000000000494e-01,5.675339999999999829e-01
2.200099999999999909e+03,5.617929999999999868e-01,5.710979999999999945e-01,5.579499999999999460e-01
2.300099999999999909e+03,5.529410000000000158e-01,5.616210000000000369e-01,5.487610000000000543e-01
2.400099999999999909e+03,5.441599999999999770e-01,5.529180000000000206e-01,5.401390000000000358e-01
2.500099999999999909e+03,5.362019999999999564e-01,5.445910000000000473e-01,5.316910000000000247e-01
2.600099999999999909e+03,5.280209999999999626e-01,5.364389999999999992e-01,5.240070000000000006e-01
2.700099999999999909e+03,5.205089999999999995e-01,5.285940000000000083e-01,5.162020000000000497e-01
2.800099999999999909e+03,5.131710000000000438e-01,5.215750000000000108e-01,5.090449999999999697e-01
2.900099999999999909e+03,5.062470000000000026e-01,5.144279999999999964e-01,5.022649999999999615e-01
3.000099999999999909e+03,4.994239999999999791e-01,5.077460000000000306e-01,4.956380000000000230e-01
3.100099999999999909e+03,4.931630000000000180e-01,5.011010000000000186e-01,4.894789999999999974e-01
3.200099999999999909e+03,4.872210000000000152e-01,4.950080000000000036e-01,4.834189999999999876e-01
3.300099999999999909e+03,4.811239999999999961e-01,4.890010000000000190e-01,4.776389999999999803e-01
3.400099999999999909e+03,4.757730000000000015e-01,4.834499999999999909e-01,4.721659999999999746e-01
3.500099999999999909e+03,4.702890000000000126e-01,4.781449999999999867e-01,4.668089999999999740e-01
3.600099999999999909e+03,4.653760000000000119e-01,4.728339999999999765e-01,4.616219999999999768e-01
3.700099999999999909e+03,4.604440000000000199e-01,4.677419999999999911e-01,4.566450000000000231e-01
3.800099999999999909e+03,4.556700000000000195e-01,4.627519999999999967e-01,4.519420000000000104e-01
3.900099999999999909e+03,4.511549999999999727e-01,4.583960000000000257e-01,4.475339999999999874e-01
4.000099999999999909e+03,4.470899999999999874e-01,4.535460000000000047e-01,4.432360000000000189e-01
4.100100000000000364e+03,4.428360000000000074e-01,4.495370000000000199e-01,4.392949999999999910e-01
4.200100000000000364e+03,4.390060000000000073e-01,4.456950000000000078e-01,4.353099999999999747e-01
4.300100000000000364e+03,4.355419999999999847e-01,4.414540000000000131e-01,4.316550000000000109e-01
4.400100000000000364e+03,4.316780000000000062e-01,4.381039999999999934e-01,4.280370000000000008e-01
4.500100000000000364e+03,4.280919999999999725e-01,4.346349999999999936e-01,4.247290000000000232e-01
4.600100000000000364e+03,4.249910000000000077e-01,4.312190000000000190e-01,4.215729999999999755e-01
4.700100000000000364e+03,4.217170000000000085e-01,4.280309999999999948e-01,4.183520000000000016e-01
4.800100000000000364e+03,4.187540000000000151e-01,4.249769999999999937e-01,4.150229999999999753e-01
4.900100000000000364e+03,4.152870000000000172e-01,4.221570000000000045e-01,4.122799999999999798e-01
5.000100000000000364e+03,4.124189999999999801e-01,4.191130000000000133e-01,4.093780000000000197e-01
5.100100000000000364e+03,4.098950000000000093e-01,4.164240000000000164e-01,4.068169999999999842e-01
5.200100000000000364e+03,4.073209999999999886e-01,4.139829999999999899e-01,4.042410000000000170e-01
5.300100000000000364e+03,4.049570000000000114e-01,4.115219999999999989e-01,4.018079999999999985e-01
5.400100000000000364e+03,4.025219999999999909e-01,4.089760000000000062e-01,3.996629999999999905e-01
5.500100000000000364e+03,4.000190000000000135e-01,4.066069999999999962e-01,3.972729999999999873e-01
5.600100000000000364e+03,3.980839999999999934e-01,4.044690000000000230e-01,3.949420000000000153e-01
5.700100000000000364e+03,3.961810000000000054e-01,4.024070000000000147e-01,3.931540000000000035e-01
5.800100000000000364e+03,3.939810000000000256e-01,4.001799999999999802e-01,3.910080000000000222e-01
5.900100000000000364e+03,3.921479999999999966e-01,3.980049999999999977e-01,3.891350000000000087e-01
6.000100000000000364e+03,3.902499999999999858e-01,3.960940000000000016e-01,3.871760000000000201e-01
6.100100000000000364e+03,3.884989999999999832e-01,3.943650000000000211e-01,3.853300000000000058e-01
6.200100000000000364e+03,3.865830000000000100e-01,3.926160000000000205e-01,3.833429999999999893e-01
6.300100000000000364e+03,3.849369999999999736e-01,3.911959999999999882e-01,3.819980000000000042e-01
6.400100000000000364e+03,3.831200000000000161e-01,3.894719999999999849e-01,3.803449999999999886e-01
6.500100000000000364e+03,3.818170000000000175e-01,3.878139999999999921e-01,3.787949999999999928e-01
6.600100000000000364e+03,3.803989999999999871e-01,3.862869999999999915e-01,3.774310000000000165e-01
6.700100000000000364e+03,3.789939999999999976e-01,3.848239999999999994e-01,3.759080000000000199e-01
6.800100000000000364e+03,3.773790000000000200e-01,3.835930000000000173e-01,3.741479999999999806e-01
6.900100000000000364e+03,3.761079999999999979e-01,3.821269999999999945e-01,3.729879999999999862e-01
7.000100000000000364e+03,3.748480000000000145e-01,3.807340000000000169e-01,3.717779999999999974e-01
7.100100000000000364e+03,3.736990000000000034e-01,3.794139999999999735e-01,3.706990000000000007e-01
7.200100000000000364e+03,3.724870000000000125e-01,3.780499999999999972e-01,3.697099999999999831e-01
7.300100000000000364e+03,3.713199999999999834e-01,3.769719999999999738e-01,3.687420000000000142e-01
7.400100000000000364e+03,3.700939999999999785e-01,3.759319999999999884e-01,3.676740000000000008e-01
7.500100000000000364e+03,3.688830000000000164e-01,3.748580000000000245e-01,3.664620000000000100e-01
7.600100000000000364e+03,3.681420000000000248e-01,3.742170000000000218e-01,3.654109999999999858e-01
7.700100000000000364e+03,3.672529999999999961e-01,3.732590000000000074e-01,3.644459999999999922e-01
7.800100000000000364e+03,3.662719999999999865e-01,3.724560000000000093e-01,3.635769999999999835e-01
7.900100000000000364e+03,3.655070000000000263e-01,3.716380000000000239e-01,3.627400000000000069e-01
8.000100000000000364e+03,3.646650000000000169e-01,3.705519999999999925e-01,3.619669999999999832e-01
8.100100000000000364e+03,3.636400000000000188e-01,3.699319999999999831e-01,3.612920000000000020e-01
8.200100000000000364e+03,3.630680000000000018e-01,3.692280000000000006e-01,3.604189999999999894e-01
8.300100000000000364e+03,3.622569999999999957e-01,3.682819999999999983e-01,3.595880000000000187e-01
8.400100000000000364e+03,3.615030000000000188e-01,3.676679999999999948e-01,3.590280000000000138e-01
8.500100000000000364e+03,3.610470000000000068e-01,3.670129999999999781e-01,3.583930000000000171e-01
8.600100000000000364e+03,3.603750000000000009e-01,3.664569999999999772e-01,3.577899999999999969e-01
8.700100000000000364e+03,3.597819999999999907e-01,3.656200000000000006e-01,3.570559999999999845e-01
8.800100000000000364e+03,3.591409999999999880e-01,3.649569999999999759e-01,3.564550000000000218e-01
8.900100000000000364e+03,3.586529999999999996e-01,3.644519999999999982e-01,3.560559999999999836e-01
9.000100000000000364e+03,3.579970000000000097e-01,3.638009999999999855e-01,3.551759999999999917e-01
9.100100000000000364e+03,3.575229999999999797e-01,3.632170000000000121e-01,3.546719999999999873e-01
9.200100000000000364e+03,3.567930000000000268e-01,3.625849999999999906e-01,3.538040000000000074e-01
9.300100000000000364e+03,3.564950000000000063e-01,3.621229999999999727e-01,3.535460000000000269e-01
9.400100000000000364e+03,3.558580000000000076e-01,3.615070000000000228e-01,3.532609999999999917e-01
9.500100000000000364e+03,3.556340000000000057e-01,3.610920000000000241e-01,3.526210000000000178e-01
9.600100000000000364e+03,3.554039999999999977e-01,3.612589999999999968e-01,3.521449999999999858e-01
9.700100000000000364e+03,3.547390000000000265e-01,3.605820000000000136e-01,3.517520000000000091e-01
9.800100000000000364e+03,3.544160000000000088e-01,3.600149999999999739e-01,3.511529999999999929e-01
9.900100000000000364e+03,3.542159999999999753e-01,3.596190000000000220e-01,3.507089999999999930e-01
1.000010000000000036e+04,3.542830000000000146e-01,3.590439999999999743e-01,3.504240000000000133e-01
